Global_Time,Global_X,Global_Y,v_Vel,v_Acc
0,679864.4007,419283.8057,11.12,0
1,679864.4159,419284.144,11.12,0
2,679864.4315,419284.4826,11.12,0
3,679864.4467,419284.8213,11.12,0
4,679864.4623,419285.1599,11.12,0
5,679864.4775,419285.4985,11.12,0
6,679864.493,419285.8372,11.12,0
7,679864.5083,419286.1755,11.12,0
8,679864.5238,419286.5141,11.12,0
9,679864.5391,419286.8528,11.12,0
10,679864.5546,419287.1914,11.12,0
11,679864.5699,419287.53,11.12,0
12,679864.5854,419287.8687,11.12,0
13,679864.6006,419288.207,11.12,0
14,679864.6162,419288.5456,11.12,0
15,679864.6314,419288.8843,11.12,0
16,679864.647,419289.2229,11.12,0
17,679864.6625,419289.5615,11.12,0
18,679864.6778,419289.8998,11.12,0
19,679864.6933,419290.2385,11.12,0
20,679864.7085,419290.5771,11.12,0
21,679864.7241,419290.9157,11.12,0
22,679864.7393,419291.2544,11.12,0
23,679864.7549,419291.593,11.12,0
24,679864.7701,419291.9313,11.12,0
25,679864.7857,419292.27,11.14,0.34
26,679864.8009,419292.6086,11.15,0
27,679864.8164,419292.9472,10.93,-3.52
28,679864.8323,419293.2968,10.22,-10.18
29,679864.8481,419293.6151,8.91,-11.21
30,679864.8603,419293.8586,7.11,-11.21
31,679864.8676,419294.0463,5.15,-11.21
32,679864.8713,419294.1719,3.38,-11.22
33,679864.8728,419294.2304,1.94,-11.22
34,679864.8744,419294.2676,0.91,-7.91
35,679864.8747,419294.2762,0.32,-4.1
36,679864.8744,419294.2673,0.04,-1.29
37,679864.8744,419294.2673,0.04,-0.23
38,679864.8744,419294.2673,0,0.25
39,679864.8744,419294.2673,0,0
40,679864.8744,419294.2673,0,0
41,679864.8744,419294.2673,0,0
42,679864.8744,419294.2673,0,0
43,679864.8744,419294.2673,0,0
44,679864.8744,419294.2673,0,0
45,679864.8744,419294.2673,0,0
46,679864.8744,419294.2673,0,0
47,679864.8744,419294.2673,0,0
48,679864.8744,419294.2673,0,0
49,679864.8744,419294.267,0,0.13
50,679864.8744,419294.267,0,0.27
51,679864.8747,419294.2682,0.06,0.35
52,679864.8753,419294.2704,0.09,0.29
53,679864.8762,419294.274,0.11,0.14
54,679864.8774,419294.2777,0.11,0
55,679864.8783,419294.281,0.11,-0.03
56,679864.8795,419294.2844,0.11,0
57,679864.8805,419294.2877,0.11,0
58,679864.8817,419294.2911,0.11,0
59,679864.8826,419294.2945,0.11,0
60,679864.8835,419294.2978,0.11,0
61,679864.8847,419294.3012,0.11,0
62,679864.8856,419294.3045,0.11,0
63,679864.8865,419294.3079,0.11,0
64,679864.8878,419294.3112,0.11,0
65,679864.8887,419294.3146,0.11,0
66,679864.8899,419294.3179,0.11,0
67,679864.8908,419294.3213,0.11,0
68,679864.8917,419294.3249,0.11,0
69,679864.8929,419294.3283,0.11,0
70,679864.8939,419294.3316,0.11,0
71,679864.8951,419294.335,0.11,0
72,679864.896,419294.3383,0.11,0
73,679864.8969,419294.3417,0.11,0
74,679864.8981,419294.3451,0.11,0
75,679864.899,419294.3484,0.11,0
76,679864.9,419294.3518,0.11,0
77,679864.9012,419294.3551,0.11,0
78,679864.9021,419294.3585,0.11,0
79,679864.9033,419294.3618,0.11,0
80,679864.9042,419294.3652,0.11,0
81,679864.9051,419294.3685,0.12,0
82,679864.9064,419294.3722,0.12,0
83,679864.9073,419294.3755,0.11,0
84,679864.9082,419294.3789,0.11,0
85,679864.9094,419294.3822,0.11,0
86,679864.9103,419294.3856,0.11,0
87,679864.9115,419294.3889,0.11,0
88,679864.9125,419294.3923,0.11,0
89,679864.9134,419294.3956,0.11,0
90,679864.9146,419294.399,0.11,0
91,679864.9155,419294.4024,0.11,0
92,679864.9167,419294.4057,0.11,0
93,679864.9176,419294.4091,0.11,0
94,679864.9186,419294.4124,0.11,0
95,679864.9198,419294.4158,0.11,0
96,679864.9207,419294.4191,0.12,0
97,679864.9216,419294.4228,0.11,0
98,679864.9228,419294.4261,0.11,0
99,679864.9237,419294.4295,0.11,0
100,679864.925,419294.4328,0.11,0
101,679864.9259,419294.4362,0.11,0
102,679864.9268,419294.4395,0.11,0
103,679864.928,419294.4429,0.11,0
104,679864.9289,419294.4462,0.11,0
105,679864.9298,419294.4496,0.11,0
106,679864.931,419294.453,0.11,0
107,679864.932,419294.4563,0.11,0
108,679864.9332,419294.4597,0.11,0
109,679864.9341,419294.463,0.11,0
110,679864.935,419294.4664,0.11,0
111,679864.9362,419294.47,0.11,0
112,679864.9371,419294.4734,0.11,0
113,679864.9384,419294.4767,0.11,0
114,679864.9393,419294.4801,0.11,0
115,679864.9402,419294.4834,0.11,0
116,679864.9414,419294.4868,0.11,0
117,679864.9423,419294.4901,0.11,0
118,679864.9432,419294.4935,0.11,0
119,679864.9445,419294.4968,0.11,0
120,679864.9454,419294.5002,0.11,0
121,679864.9466,419294.5035,0.11,0
122,679864.9475,419294.5069,0.11,0
123,679864.9484,419294.5103,0.11,0
124,679864.9496,419294.5136,0.11,0
125,679864.9506,419294.5173,0.12,0
126,679864.9515,419294.5206,0.11,0
127,679864.9527,419294.524,0.11,0
128,679864.9536,419294.5273,0.11,0
129,679864.9548,419294.5307,0.11,0
130,679864.9557,419294.534,0.11,0
131,679864.9567,419294.5374,0.11,0
132,679864.9579,419294.5407,0.11,0
133,679864.9588,419294.5441,0.11,0
134,679864.96,419294.5474,0.11,0
135,679864.9609,419294.5508,0.11,0
136,679864.9618,419294.5541,0.11,0
137,679864.9631,419294.5575,0.11,0
138,679864.964,419294.5609,0.12,0
139,679864.9649,419294.5645,0.12,0
140,679864.9661,419294.5679,0.11,0
141,679864.967,419294.5712,0.11,0
142,679864.9682,419294.5746,0.11,0
143,679864.9691,419294.5779,0.11,0
144,679864.9701,419294.5813,0.11,0
145,679864.9713,419294.5846,0.11,0
146,679864.9722,419294.588,0.11,0
147,679864.9731,419294.5913,0.11,0
148,679864.9743,419294.5947,0.11,0
149,679864.9752,419294.598,0.11,0
150,679864.9765,419294.6014,0.11,0
151,679864.9774,419294.6047,0.11,0
152,679864.9783,419294.6081,0.11,0
153,679864.9795,419294.6114,0.11,0
154,679864.9804,419294.6151,0.12,0
155,679864.9813,419294.6185,0.11,0
156,679864.9826,419294.6218,0.11,0
157,679864.9835,419294.6252,0.11,0
158,679864.9847,419294.6285,0.11,0
159,679864.9856,419294.6319,0.11,0
160,679864.9865,419294.6352,0.11,0
161,679864.9877,419294.6386,0.11,0
162,679864.9887,419294.6419,0.11,0
163,679864.9899,419294.6453,0.11,0
164,679864.9908,419294.6486,0.11,0
165,679864.9917,419294.652,0.11,0
166,679864.9929,419294.6553,0.11,0.03
167,679864.9938,419294.6587,0.12,0
168,679864.9948,419294.6623,0.12,0
169,679864.996,419294.6657,0.11,0
170,679864.9969,419294.6691,0.11,0
171,679864.9981,419294.6724,0.11,0
172,679864.999,419294.6758,0.11,0
173,679864.9999,419294.6791,0.11,0
174,679865.0012,419294.6825,0.11,0
175,679865.0021,419294.6858,0.11,0
176,679865.003,419294.6892,0.11,0
177,679865.0042,419294.6925,0.11,0
178,679865.0051,419294.6959,0.11,0
179,679865.0063,419294.6992,0.11,0
180,679865.0072,419294.7026,0.11,0
181,679865.0082,419294.7059,0.11,0
182,679865.0094,419294.7096,0.11,0
183,679865.0103,419294.7129,0.11,0
184,679865.0115,419294.7163,0.11,0
185,679865.0124,419294.7197,0.11,0
186,679865.0133,419294.723,0.11,0
187,679865.0146,419294.7264,0.11,0
188,679865.0155,419294.7297,0.11,0
189,679865.0164,419294.7331,0.11,0
190,679865.0176,419294.7364,0.11,0
191,679865.0185,419294.7398,0.11,0
192,679865.0197,419294.7431,0.11,0
193,679865.0207,419294.7465,0.11,0
194,679865.0216,419294.7498,0.11,0
195,679865.0228,419294.7532,0.11,0
196,679865.0237,419294.7565,0.12,0
197,679865.0246,419294.7602,0.12,0
198,679865.0258,419294.7635,0.11,0
199,679865.0268,419294.7669,0.11,0
200,679865.028,419294.7702,0.11,0
201,679865.0289,419294.7736,0.11,0
202,679865.0298,419294.777,0.11,0
203,679865.031,419294.7803,0.11,0
204,679865.0319,419294.7837,0.11,0
205,679865.0332,419294.787,0.11,0
206,679865.0341,419294.7904,0.11,0
207,679865.035,419294.7937,0.11,0
208,679865.0362,419294.7971,0.11,0
209,679865.0371,419294.8004,0.11,0
210,679865.038,419294.8038,0.12,0
211,679865.0393,419294.8074,0.12,0
212,679865.0402,419294.8108,0.11,0
213,679865.0414,419294.8141,0.11,0
214,679865.0423,419294.8175,0.11,0
215,679865.0432,419294.8208,0.11,0
216,679865.0444,419294.8242,0.11,0
217,679865.0453,419294.8276,0.11,0
218,679865.0463,419294.8309,0.11,0
219,679865.0475,419294.8343,0.11,0
220,679865.0484,419294.8376,0.11,0
221,679865.0496,419294.841,0.11,0
222,679865.0505,419294.8443,0.11,0
223,679865.0514,419294.8477,0.11,0
224,679865.0527,419294.851,0.11,0
225,679865.0536,419294.8547,0.11,0
226,679865.0545,419294.858,0.11,0
227,679865.0557,419294.8614,0.11,0
228,679865.0566,419294.8647,0.11,0
229,679865.0578,419294.8681,0.11,0
230,679865.0588,419294.8714,0.11,0
231,679865.0597,419294.8748,0.11,0
232,679865.0609,419294.8781,0.11,0
233,679865.0618,419294.8815,0.11,0
234,679865.063,419294.8849,0.11,0
235,679865.0639,419294.8882,0.11,0
236,679865.0649,419294.8916,0.11,0
237,679865.0661,419294.8949,0.11,0
238,679865.067,419294.8983,0.11,0
239,679865.0679,419294.9016,0.12,0
240,679865.0691,419294.9053,0.12,0
241,679865.07,419294.9086,0.11,0
242,679865.0713,419294.912,0.11,0
243,679865.0722,419294.9153,0.11,0
244,679865.0731,419294.9187,0.11,0
245,679865.0743,419294.922,0.11,0
246,679865.0752,419294.9254,0.11,0
247,679865.0761,419294.9287,0.11,0
248,679865.0774,419294.9321,0.11,0
249,679865.0783,419294.9354,0.11,0
250,679865.0795,419294.9388,0.11,0
251,679865.0804,419294.9422,0.11,0
252,679865.0813,419294.9455,0.11,0
253,679865.0825,419294.9489,0.12,0
254,679865.0834,419294.9525,0.11,0
255,679865.0847,419294.9559,0.11,0
256,679865.0856,419294.9592,0.11,0
257,679865.0865,419294.9626,0.11,0
258,679865.0877,419294.9659,0.11,0
259,679865.0886,419294.9693,0.11,0
260,679865.0895,419294.9726,0.11,0
261,679865.0908,419294.976,0.11,0
262,679865.0917,419294.9793,0.11,0
263,679865.0929,419294.9827,0.11,0
264,679865.0938,419294.986,0.11,0
265,679865.0947,419294.9894,0.11,0
266,679865.0959,419294.9928,0.11,0
267,679865.0969,419294.9961,0.11,0.03
268,679865.0978,419294.9995,0.12,0
269,679865.099,419295.0031,0.12,0
270,679865.0999,419295.0065,0.11,0
271,679865.1011,419295.0098,0.11,0
272,679865.102,419295.0132,0.11,0
273,679865.103,419295.0165,0.11,0
274,679865.1042,419295.0199,0.11,0
275,679865.1051,419295.0232,0.11,0
276,679865.1063,419295.0266,0.11,0
277,679865.1072,419295.0299,0.11,0
278,679865.1081,419295.0333,0.11,0
279,679865.1094,419295.0366,0.11,0
280,679865.1103,419295.04,0.11,0
281,679865.1112,419295.0433,0.11,0
282,679865.1124,419295.0467,0.12,0
283,679865.1133,419295.0504,0.12,0
284,679865.1145,419295.0537,0.11,0
285,679865.1155,419295.0571,0.11,0
286,679865.1164,419295.0604,0.11,0
287,679865.1176,419295.0638,0.11,0
288,679865.1185,419295.0671,0.11,0
289,679865.1194,419295.0705,0.11,0
290,679865.1206,419295.0738,0.11,0
291,679865.1215,419295.0772,0.11,0
292,679865.1228,419295.0805,0.11,0
293,679865.1237,419295.0839,0.11,0
294,679865.1246,419295.0872,0.11,0
295,679865.1258,419295.0906,0.11,0
296,679865.1267,419295.0939,0.11,0
297,679865.1279,419295.0973,0.12,0
298,679865.1289,419295.101,0.12,0
299,679865.1298,419295.1043,0.11,-0.03
300,679865.131,419295.1077,0.11,0
301,679865.1319,419295.111,0.11,0
302,679865.1328,419295.1144,0.11,0
303,679865.134,419295.1177,0.11,0
304,679865.135,419295.1211,0.11,0
305,679865.1362,419295.1244,0.11,0
306,679865.1371,419295.1278,0.11,0
307,679865.138,419295.1311,0.11,0
308,679865.1392,419295.1345,0.11,0
309,679865.1401,419295.1378,0.11,0
310,679865.1411,419295.1412,0.11,0
311,679865.1423,419295.1445,0.12,0
312,679865.1432,419295.1482,0.12,0
313,679865.1444,419295.1516,0.11,0
314,679865.1453,419295.1549,0.11,0
315,679865.1462,419295.1583,0.11,0
316,679865.1475,419295.1616,0.11,0
317,679865.1484,419295.165,0.11,0
318,679865.1493,419295.1683,0.11,0
319,679865.1505,419295.1717,0.11,0
320,679865.1514,419295.175,0.11,0
321,679865.1526,419295.1784,0.11,0
322,679865.1536,419295.1817,0.11,0
323,679865.1545,419295.1851,0.11,0
324,679865.1557,419295.1884,0.11,0
325,679865.1566,419295.1918,0.11,0
326,679865.1578,419295.1954,0.11,0
327,679865.1587,419295.1988,0.11,0
328,679865.1596,419295.2021,0.11,0
329,679865.1609,419295.2055,0.11,0
330,679865.1618,419295.2089,0.11,0
331,679865.1627,419295.2122,0.11,0
332,679865.1639,419295.2156,0.11,0
333,679865.1648,419295.2189,0.11,0
334,679865.166,419295.2223,0.11,0
335,679865.167,419295.2256,0.11,0
336,679865.1679,419295.229,0.11,0
337,679865.1691,419295.2323,0.11,0
338,679865.17,419295.2357,0.11,0
339,679865.1709,419295.239,0.11,0
340,679865.1721,419295.2424,0.12,0
341,679865.1731,419295.246,0.11,0
342,679865.1743,419295.2494,0.11,0
343,679865.1752,419295.2527,0.11,0
344,679865.1761,419295.2561,0.11,0
345,679865.1773,419295.2595,0.11,0
346,679865.1782,419295.2628,0.11,0
347,679865.1795,419295.2662,0.11,0
348,679865.1804,419295.2695,0.11,0
349,679865.1813,419295.2729,0.11,0
350,679865.1825,419295.2762,0.11,0
351,679865.1834,419295.2796,0.11,0
352,679865.1843,419295.2829,0.11,0
353,679865.1856,419295.2863,0.11,0
354,679865.1865,419295.2896,0.11,0
355,679865.1877,419295.2933,0.12,0
356,679865.1886,419295.2966,0.11,0
357,679865.1895,419295.3,0.11,0
358,679865.1907,419295.3033,0.11,0
359,679865.1917,419295.3067,0.11,0
360,679865.1926,419295.31,0.11,0
361,679865.1938,419295.3134,0.11,0
362,679865.1947,419295.3168,0.11,0
363,679865.1959,419295.3201,0.11,0
364,679865.1968,419295.3235,0.11,0
365,679865.1977,419295.3268,0.11,0
366,679865.199,419295.3302,0.11,0
367,679865.1999,419295.3335,0.11,0
368,679865.2011,419295.3369,0.11,0
369,679865.202,419295.3402,0.12,0
370,679865.2029,419295.3439,0.12,0
371,679865.2041,419295.3472,0.11,0
372,679865.2051,419295.3506,0.11,0
373,679865.206,419295.3539,0.11,0
374,679865.2072,419295.3573,0.11,0
375,679865.2081,419295.3606,0.11,0
376,679865.2093,419295.364,0.11,0
377,679865.2102,419295.3674,0.11,0
378,679865.2112,419295.3707,0.11,0
379,679865.2124,419295.3741,0.11,0
380,679865.2133,419295.3774,0.11,0
381,679865.2142,419295.3808,0.11,0
382,679865.2154,419295.3841,0.11,0
383,679865.2163,419295.3875,0.11,0
384,679865.2176,419295.3908,0.11,0
385,679865.2185,419295.3945,0.11,0
386,679865.2194,419295.3978,0.11,0
387,679865.2206,419295.4012,0.11,0
388,679865.2215,419295.4045,0.11,0
389,679865.2224,419295.4079,0.11,0
390,679865.2237,419295.4112,0.11,0
391,679865.2246,419295.4146,0.11,0
392,679865.2258,419295.4179,0.11,0
393,679865.2267,419295.4213,0.11,0
394,679865.2276,419295.4247,0.11,0
395,679865.2288,419295.428,0.11,0
396,679865.2298,419295.4314,0.11,0
397,679865.231,419295.4347,0.11,0
398,679865.2319,419295.4381,0.12,0
399,679865.2328,419295.4417,0.12,0
400,679865.234,419295.4451,0.11,0
401,679865.2349,419295.4484,0.11,0
402,679865.2358,419295.4518,0.11,0
403,679865.2371,419295.4551,0.11,0
404,679865.238,419295.4585,0.11,0
405,679865.2392,419295.4618,0.11,0
406,679865.2401,419295.4652,0.11,0
407,679865.241,419295.4685,0.11,0
408,679865.2422,419295.4719,0.11,0
409,679865.2432,419295.4753,0.11,0
410,679865.2441,419295.4786,0.11,0
411,679865.2453,419295.482,0.11,0
412,679865.2462,419295.4853,0.11,0
413,679865.2474,419295.4887,0.12,0
414,679865.2483,419295.4923,0.11,0
415,679865.2493,419295.4957,0.11,0
416,679865.2505,419295.499,0.11,0
417,679865.2514,419295.5024,0.11,0
418,679865.2526,419295.5057,0.11,0
419,679865.2535,419295.5091,0.11,0
420,679865.2544,419295.5124,0.11,0
421,679865.2557,419295.5158,0.11,0
422,679865.2566,419295.5191,0.11,0
423,679865.2575,419295.5225,0.11,0
424,679865.2587,419295.5258,0.11,0
425,679865.2596,419295.5292,0.11,0
426,679865.2608,419295.5326,0.11,0
427,679865.2618,419295.5359,0.12,0
428,679865.2627,419295.5396,0.12,0
429,679865.2639,419295.5429,0.11,0
430,679865.2648,419295.5463,0.11,0
431,679865.2657,419295.5496,0.11,0
432,679865.2669,419295.553,0.11,0
433,679865.2679,419295.5563,0.11,0
434,679865.2691,419295.5597,0.11,0
435,679865.27,419295.563,0.11,0
436,679865.2709,419295.5664,0.11,0
437,679865.2721,419295.5697,0.11,0
438,679865.273,419295.5731,0.11,0
439,679865.2743,419295.5764,0.11,0
440,679865.2752,419295.5798,0.11,0
441,679865.2761,419295.5831,0.11,0
442,679865.2773,419295.5865,0.12,0
443,679865.2782,419295.5902,0.11,0
444,679865.2791,419295.5935,0.11,0
445,679865.2803,419295.5969,0.11,0
446,679865.2813,419295.6002,0.11,0
447,679865.2825,419295.6036,0.11,0
448,679865.2834,419295.6069,0.11,0
449,679865.2843,419295.6103,0.11,0
450,679865.2855,419295.6136,0.11,0
451,679865.2864,419295.617,0.11,0
452,679865.2874,419295.6203,0.11,0
453,679865.2886,419295.6237,0.11,0
454,679865.2895,419295.627,0.11,0
455,679865.2907,419295.6304,0.11,0
456,679865.2916,419295.6337,0.12,0
457,679865.2925,419295.6374,0.12,0
458,679865.2938,419295.6408,0.11,0
459,679865.2947,419295.6441,0.11,0
460,679865.2956,419295.6475,0.11,0
461,679865.2968,419295.6508,0.11,0
462,679865.2977,419295.6542,0.11,0
463,679865.2989,419295.6575,0.11,0
464,679865.2999,419295.6609,0.11,0
465,679865.3008,419295.6642,0.11,0
466,679865.302,419295.6676,0.11,0
467,679865.3029,419295.6709,0.11,0
468,679865.3041,419295.6743,0.11,0
469,679865.305,419295.6776,0.11,0
470,679865.306,419295.681,0.11,0
471,679865.3072,419295.6843,0.12,0
472,679865.3081,419295.688,0.12,0
473,679865.309,419295.6914,0.11,0
474,679865.3102,419295.6947,0.11,0
475,679865.3111,419295.6981,0.11,0
476,679865.3124,419295.7014,0.11,0
477,679865.3133,419295.7048,0.11,0
478,679865.3142,419295.7081,0.11,0
479,679865.3154,419295.7115,0.11,0
480,679865.3163,419295.7148,0.11,0
481,679865.3172,419295.7182,0.11,0
482,679865.3184,419295.7215,0.11,0
483,679865.3194,419295.7249,0.11,0
484,679865.3206,419295.7282,0.11,0
485,679865.3215,419295.7316,0.11,0
486,679865.3224,419295.7349,0.12,0
487,679865.3236,419295.7386,0.12,0
488,679865.3245,419295.742,0.11,0
489,679865.3258,419295.7453,0.11,0
490,679865.3267,419295.7487,0.11,0
491,679865.3276,419295.752,0.11,0
492,679865.3288,419295.7554,0.11,0
493,679865.3297,419295.7587,0.11,0
494,679865.3306,419295.7621,0.11,0
495,679865.3319,419295.7654,0.11,0
496,679865.3328,419295.7688,0.11,0
497,679865.334,419295.7721,0.11,0
498,679865.3349,419295.7755,0.11,0
499,679865.3358,419295.7788,0.11,0
500,679865.337,419295.7822,0.12,0
501,679865.338,419295.7858,0.11,0
502,679865.3389,419295.7892,0.11,0
503,679865.3401,419295.7925,0.11,0
504,679865.341,419295.7959,0.11,0
505,679865.3422,419295.7993,0.11,0
506,679865.3431,419295.8026,0.11,0
507,679865.3441,419295.806,0.11,0
508,679865.3453,419295.8093,0.11,0
509,679865.3462,419295.8127,0.11,0
510,679865.3474,419295.816,0.11,0
511,679865.3483,419295.8194,0.11,0
512,679865.3492,419295.8227,0.11,0
513,679865.3505,419295.8261,0.11,0
514,679865.3514,419295.8294,0.11,0
515,679865.3523,419295.8328,0.11,0
516,679865.3535,419295.8364,0.12,0
517,679865.3544,419295.8398,0.11,0
518,679865.3556,419295.8431,0.11,0
519,679865.3565,419295.8465,0.11,0
520,679865.3575,419295.8498,0.11,0
521,679865.3587,419295.8532,0.11,0
522,679865.3596,419295.8566,0.11,0
523,679865.3605,419295.8599,0.11,0
524,679865.3617,419295.8633,0.11,0
525,679865.3626,419295.8666,0.11,0
526,679865.3639,419295.87,0.11,0
527,679865.3648,419295.8733,0.11,0
528,679865.3657,419295.8767,0.11,0
529,679865.3669,419295.88,0.11,0
530,679865.3678,419295.8834,0.12,0
531,679865.3687,419295.887,0.12,0
532,679865.37,419295.8904,0.11,0
533,679865.3709,419295.8937,0.11,0
534,679865.3721,419295.8971,0.11,0
535,679865.373,419295.9004,0.11,0
536,679865.3739,419295.9038,0.11,0
537,679865.3751,419295.9072,0.11,0
538,679865.3761,419295.9105,0.11,0
539,679865.3773,419295.9139,0.11,0
540,679865.3782,419295.9172,0.11,0
541,679865.3791,419295.9206,0.11,0
542,679865.3803,419295.9239,0.11,0
543,679865.3812,419295.9273,0.11,0
544,679865.3822,419295.9306,0.11,0
545,679865.3834,419295.9343,0.11,0
546,679865.3843,419295.9376,0.11,0
547,679865.3855,419295.941,0.11,0
548,679865.3864,419295.9443,0.11,0
549,679865.3873,419295.9477,0.11,0
550,679865.3886,419295.951,0.11,0
551,679865.3895,419295.9544,0.11,0
552,679865.3904,419295.9577,0.11,0
553,679865.3916,419295.9611,0.11,0
554,679865.3925,419295.9645,0.11,0
555,679865.3937,419295.9678,0.11,0
556,679865.3946,419295.9712,0.11,0
557,679865.3956,419295.9745,0.11,0
558,679865.3968,419295.9779,0.11,0
559,679865.3977,419295.9812,0.12,0
560,679865.3989,419295.9849,0.11,0
561,679865.3998,419295.9882,0.11,0
562,679865.4007,419295.9916,0.11,0
563,679865.402,419295.9949,0.11,0
564,679865.4029,419295.9983,0.11,0
565,679865.4038,419296.0016,0.11,0
566,679865.405,419296.005,0.11,0
567,679865.4059,419296.0083,0.11,0
568,679865.4071,419296.0117,0.11,0
569,679865.4081,419296.0151,0.11,0
570,679865.409,419296.0184,0.11,0
571,679865.4102,419296.0218,0.11,0
572,679865.4111,419296.0251,0.11,0
573,679865.412,419296.0285,0.11,0
574,679865.4132,419296.0318,0.11,0
575,679865.4142,419296.0355,0.12,0
576,679865.4154,419296.0388,0.11,0
577,679865.4163,419296.0422,0.11,0
578,679865.4172,419296.0455,0.11,0
579,679865.4184,419296.0489,0.11,0
580,679865.4193,419296.0522,0.11,0
581,679865.4206,419296.0556,0.11,0
582,679865.4215,419296.0589,0.11,0
583,679865.4224,419296.0623,0.11,0
584,679865.4236,419296.0656,0.11,0
585,679865.4245,419296.069,0.11,0
586,679865.4254,419296.0724,0.11,0
587,679865.4267,419296.0757,0.18,1.02
588,679865.4276,419296.0791,0.81,9.83
589,679865.4288,419296.0827,2.83,11.32
590,679865.4254,419296.1223,6.46,11.31
591,679865.43,419296.4021,11.19,11.24
592,679865.4513,419296.8435,15.69,11.22
593,679865.4833,419297.4327,18.36,11.21
594,679865.5169,419298.0895,18.74,-8.53
595,679865.5416,419298.6958,17.65,-11.22
596,679865.5626,419299.135,16.21,-11.23
597,679865.5879,419299.6041,15.33,-3.33
598,679865.6126,419300.0637,15.13,0.06
599,679865.637,419300.5233,15.12,-0.27
600,679865.6617,419300.9833,15.11,0
601,679865.6863,419301.4429,15.11,0
602,679865.7107,419301.9026,15.11,0
603,679865.7354,419302.3625,15.11,0
604,679865.7601,419302.8221,15.11,0
605,679865.7845,419303.2818,15.88,11.35
606,679865.8092,419303.7414,17.67,12.11
607,679865.8336,419304.2014,18.95,11.98
608,679865.8582,419304.661,18.95,-10.77
609,679865.8829,419305.1206,17.67,-11.2
610,679865.9073,419305.5803,15.88,-11.21
611,679865.932,419306.0399,15.08,-0.25
612,679865.9567,419306.4999,15.06,-0.2
613,679865.9811,419306.9595,15.25,3
614,679866.0058,419307.4103,16,10.89
615,679866.0299,419307.8797,17.58,11.67
616,679866.0521,419308.4344,20.01,11.71
617,679866.0777,419309.0812,22.98,11.47
618,679866.1158,419309.8316,26.01,11.31
619,679866.1688,419310.6775,28.59,11.27
620,679866.2328,419311.6114,30.35,11.24
621,679866.2981,419312.5797,31.24,4.11
622,679866.3615,419313.5368,31.49,0.14
623,679866.4246,419314.4936,31.48,-0.34
624,679866.488,419315.4506,31.46,0
625,679866.5514,419316.4074,31.46,0
626,679866.6148,419317.3645,31.46,0
627,679866.6782,419318.3212,31.46,0
628,679866.7416,419319.278,31.46,0
629,679866.805,419320.2348,31.46,0
630,679866.8684,419321.1918,31.46,0
631,679866.9318,419322.1486,31.46,0
632,679866.9948,419323.1054,31.46,0
633,679867.0582,419324.0621,31.46,0
634,679867.1216,419325.0189,31.46,0
635,679867.185,419325.976,31.46,0
636,679867.2484,419326.9327,31.46,0
637,679867.3118,419327.8895,31.46,0
638,679867.3752,419328.8463,31.46,0
639,679867.4386,419329.803,31.46,0
640,679867.5017,419330.7598,31.46,0
641,679867.5651,419331.7166,31.25,-3.84
642,679867.6285,419332.6733,30.76,-7.59
643,679867.6919,419333.6301,30.41,-5.54
644,679867.7553,419334.5869,30.39,-4.11
645,679867.8187,419335.5433,30.75,6.22
646,679867.8821,419336.5001,31.63,9.34
647,679867.9416,419337.4377,32.86,11.13
648,679868.0047,419338.4481,34.6,10.7
649,679868.0882,419339.5323,36.86,12.01
650,679868.1979,419340.6868,39.11,11.68
651,679868.328,419341.9149,40.87,11.27
652,679868.4619,419343.2161,41.9,6.02
653,679868.5917,419344.4978,42.29,0.42
654,679868.7215,419345.7794,42.31,-0.55
655,679868.8517,419347.0614,42.27,0
656,679868.9815,419348.3431,42.27,0
657,679869.1114,419349.6251,42.27,0
658,679869.2412,419350.9068,42.25,-0.28
659,679869.3711,419352.1885,41.87,-5.96
660,679869.5012,419353.4702,40.6,-11.2
661,679869.6387,419354.7381,38.33,-11.3
662,679869.7606,419355.8342,35.64,-11.44
663,679869.8508,419356.8519,33.77,-11.22
664,679869.9328,419357.7773,33.77,11.49
665,679870.0313,419358.7944,35.66,11.79
666,679870.1654,419359.8899,38.35,11.39
667,679870.315,419361.1566,40.6,11.2
668,679870.4583,419362.4389,41.77,4.24
669,679870.5997,419363.7197,41.95,-3.46
670,679870.7311,419364.9901,41.67,-4.41
671,679870.85,419366.2477,41.38,-3.52
672,679870.9588,419367.4952,41.18,-1.71
673,679871.0658,419368.7409,41.09,-0.31
674,679871.1746,419369.9888,41.08,0.16
675,679871.2834,419371.2366,41.09,0.06
676,679871.3925,419372.4842,41.09,0
677,679871.5013,419373.732,41.09,0
678,679871.6101,419374.9796,41.09,0
679,679871.7192,419376.2274,41.09,0
680,679871.8281,419377.475,41.09,0
681,679871.9369,419378.7228,41.09,0
682,679872.046,419379.9704,41.09,0
683,679872.1548,419381.2182,41.09,0
684,679872.2636,419382.4658,41.09,0
685,679872.3724,419383.7136,41.09,0
686,679872.4816,419384.9612,41.09,0
687,679872.5904,419386.209,41.09,0
688,679872.6992,419387.4566,41.09,0
689,679872.8083,419388.7044,41.11,0.33
690,679872.9171,419389.952,41.13,0.29
691,679873.0259,419391.1998,40.99,-2.44
692,679873.1384,419392.4583,40.47,-7.69
693,679873.2475,419393.6931,39.48,-10.76
694,679873.3362,419394.8708,38.14,-10.87
695,679873.4045,419396.0135,36.91,-11.05
696,679873.4682,419397.0922,36.14,-5.21
697,679873.5462,419398.1685,35.88,-2.89
698,679873.6407,419399.2645,35.95,0.42
699,679873.7379,419400.3624,36.08,0.66
700,679873.8324,419401.4588,36.11,-0.17
701,679873.9272,419402.5548,36.1,-0.11
702,679874.0217,419403.6512,36.1,0
703,679874.1162,419404.7473,36.1,0
704,679874.2107,419405.8433,36.1,0
705,679874.3052,419406.9397,36.1,0
706,679874.4,419408.0358,36.1,0
707,679874.4945,419409.1318,36.1,0
708,679874.5889,419410.2282,36.1,0
709,679874.6834,419411.3242,36.1,0
710,679874.7782,419412.4203,36.1,0
711,679874.8727,419413.5167,36.1,0
712,679874.9672,419414.6127,36.1,0
713,679875.0617,419415.7088,36.12,0.45
714,679875.1559,419416.8052,36.12,0.44
715,679875.2504,419417.9012,35.84,-4.39
716,679875.3497,419419.0125,35.02,-11.19
717,679875.4509,419420.072,33.6,-11.21
718,679875.5442,419421.0644,31.71,-11.27
719,679875.6234,419421.9999,29.83,-11.24
720,679875.6914,419422.8679,28.41,-11.2
721,679875.7569,419423.6845,27.61,-4.15
722,679875.8249,419424.5166,27.35,0.15
723,679875.8929,419425.3487,27.36,0.45
724,679875.9605,419426.1808,27.39,0
725,679876.0285,419427.0129,27.39,0
726,679876.0965,419427.8453,27.39,0
727,679876.1641,419428.6774,27.39,0
728,679876.2321,419429.5095,27.39,0
729,679876.3001,419430.3416,27.39,0
730,679876.3678,419431.1737,27.39,0
731,679876.4357,419432.0058,27.39,0
732,679876.5037,419432.8379,27.39,0
733,679876.5714,419433.6704,27.39,0
734,679876.6393,419434.5025,27.39,0
735,679876.7073,419435.3346,27.42,0.43
736,679876.775,419436.1667,27.49,1.06
737,679876.8429,419436.9988,27.54,0.92
738,679876.9109,419437.8309,27.54,0.58
739,679876.9786,419438.663,27.51,-0.46
740,679877.0465,419439.4954,27.29,-3.19
741,679877.1136,419440.3275,26.38,-11.26
742,679877.1858,419441.1724,24.33,-11.23
743,679877.2581,419441.8862,21.07,-11.18
744,679877.3139,419442.4696,16.95,-11.03
745,679877.3452,419442.9162,12.83,-11.1
746,679877.355,419443.2322,9.57,-11.2
747,679877.3599,419443.4172,7.52,-11.22
748,679877.369,419443.6154,6.64,-2.68
749,679877.3782,419443.8135,6.49,0.36
750,679877.3873,419444.0116,6.51,0
751,679877.3965,419444.2097,6.51,0
752,679877.4056,419444.4075,6.51,0
753,679877.4147,419444.6057,6.51,0
754,679877.4239,419444.8035,6.51,0
755,679877.433,419445.0016,6.51,0
756,679877.4422,419445.1994,6.51,0
757,679877.4516,419445.3975,6.51,0
758,679877.4608,419445.5953,6.5,0
759,679877.4699,419445.7932,6.5,0
760,679877.4791,419445.991,6.5,0
761,679877.4882,419446.1888,6.57,1.2
762,679877.4973,419446.3866,6.73,1.97
763,679877.5065,419446.5841,6.7,-1.17
764,679877.5159,419446.7935,6.28,-6.83
765,679877.5229,419446.9804,5.55,-9.51
766,679877.529,419447.1178,4.91,-5.15
767,679877.5434,419447.2364,4.86,4.57
768,679877.5696,419447.3723,5.39,8.02
769,679877.6068,419447.5567,6.04,6.08
770,679877.6464,419447.7637,6.46,1.98
771,679877.6842,419447.9591,6.57,-0.34
772,679877.7217,419448.1541,6.55,-0.33
773,679877.7592,419448.3495,6.52,0
774,679877.7967,419448.5449,6.52,0
775,679877.8345,419448.7403,6.52,0
776,679877.8719,419448.9353,6.52,0
777,679877.9094,419449.1307,6.52,0
778,679877.9469,419449.3258,6.52,0
779,679877.9844,419449.5209,6.52,0
780,679878.0219,419449.7159,6.52,0
781,679878.0597,419449.911,6.52,0
782,679878.0972,419450.1061,6.52,0
783,679878.1347,419450.3012,6.52,0
784,679878.1722,419450.4962,6.51,0
785,679878.2097,419450.6913,6.51,0
786,679878.2471,419450.8861,6.51,0
787,679878.2846,419451.0811,6.51,0
788,679878.3221,419451.2759,6.51,0
789,679878.3596,419451.471,6.52,0.06
790,679878.3971,419451.6657,6.51,-0.18
791,679878.4355,419451.8617,6.46,-0.91
792,679878.473,419452.0565,6.32,-1.97
793,679878.5059,419452.2455,6.14,-2.51
794,679878.5327,419452.4271,5.98,-1.47
795,679878.5541,419452.599,6.03,1.73
796,679878.5754,419452.7737,6.46,6.6
797,679878.6016,419452.9694,7.24,9.47
798,679878.633,419453.1916,7.96,6.63
799,679878.6687,419453.4339,8.35,1.07
800,679878.705,419453.6799,8.36,-2.49
801,679878.7406,419453.9222,8.15,-1.78
802,679878.7763,419454.1645,8.04,-0.1
803,679878.8119,419454.4065,8.03,0
804,679878.8476,419454.6488,8.03,0
805,679878.883,419454.8911,8.03,0
806,679878.9186,419455.1331,8.03,0
807,679878.9543,419455.3755,8.03,0
808,679878.9899,419455.6175,8.05,0.38
809,679879.0253,419455.8598,8.07,0.14
810,679879.061,419456.1021,7.86,-3.29
811,679879.0991,419456.3569,7.21,-9.29
812,679879.1347,419456.5767,6.03,-11.24
813,679879.1585,419456.7343,4.43,-11.12
814,679879.1667,419456.8449,2.84,-11.16
815,679879.1631,419456.8934,1.67,-9.26
816,679879.1573,419456.9068,1.03,-3.29
817,679879.1536,419456.933,0.84,-0.11
818,679879.1503,419456.9592,0.84,0.37
819,679879.1466,419456.9851,0.86,0
820,679879.1433,419457.0113,0.86,0
821,679879.1396,419457.0375,0.86,0
822,679879.1363,419457.0634,0.86,0
823,679879.1326,419457.0897,0.86,0
824,679879.1292,419457.1159,0.86,0
825,679879.1256,419457.1418,0.86,0
826,679879.1219,419457.168,0.86,0
827,679879.1186,419457.1942,0.86,0
828,679879.1149,419457.2201,0.86,0
829,679879.1116,419457.2463,0.86,0
830,679879.1079,419457.2725,0.86,0
831,679879.1046,419457.2984,0.86,0
832,679879.1009,419457.3247,0.86,0
833,679879.0975,419457.3506,0.86,0
834,679879.0939,419457.3768,0.86,0
835,679879.0902,419457.403,0.86,0
836,679879.0869,419457.4289,0.86,0
837,679879.0832,419457.4551,0.86,0
838,679879.0799,419457.4813,0.86,0
839,679879.0762,419457.5072,0.86,0
840,679879.0729,419457.5334,0.86,0
841,679879.0692,419457.5597,0.86,0
842,679879.0658,419457.5856,0.86,0
843,679879.0622,419457.6118,0.86,0
844,679879.0585,419457.638,0.86,0
845,679879.0552,419457.6639,0.86,0
846,679879.0515,419457.6901,0.86,0
847,679879.0482,419457.716,0.86,0
848,679879.0445,419457.7422,0.86,0
849,679879.0412,419457.7684,0.86,0
850,679879.0375,419457.7944,0.86,0
851,679879.0341,419457.8206,0.86,0
852,679879.0305,419457.8468,0.86,0
853,679879.0268,419457.8727,0.86,0
854,679879.0235,419457.8989,0.86,0
855,679879.0198,419457.9251,0.86,0
856,679879.0165,419457.951,0.86,0
857,679879.0128,419457.9772,0.86,0
858,679879.0095,419458.0034,0.86,0
859,679879.0058,419458.0294,0.86,0
860,679879.0024,419458.0556,0.86,0
861,679878.9988,419458.0815,0.86,0
862,679878.9951,419458.1077,0.86,0
863,679878.9918,419458.1339,0.86,0
864,679878.9881,419458.1598,0.86,0
865,679878.9848,419458.186,0.86,0
866,679878.9811,419458.2122,0.86,0
867,679878.9778,419458.2381,0.86,0
868,679878.9741,419458.2644,0.86,0
869,679878.9704,419458.2906,0.86,0
870,679878.9671,419458.3165,0.86,0
871,679878.9634,419458.3427,0.86,0
872,679878.9601,419458.3689,0.86,0
873,679878.9564,419458.3948,0.86,0
874,679878.9531,419458.421,0.86,0
875,679878.9494,419458.4469,0.86,0
876,679878.9461,419458.4731,0.86,0
877,679878.9424,419458.4994,0.86,0
878,679878.9387,419458.5253,0.86,0
879,679878.9354,419458.5515,0.86,0
880,679878.9317,419458.5777,0.86,0
881,679878.9284,419458.6036,0.86,0
882,679878.9247,419458.6298,0.87,0.05
883,679878.9214,419458.656,0.87,0.05
884,679878.9174,419458.6819,0.86,-0.35
885,679878.9141,419458.7097,0.79,-1.08
886,679878.9131,419458.7356,0.64,-2.04
887,679878.9141,419458.7539,0.42,-2.49
888,679878.9156,419458.7615,0.21,-1.96
889,679878.9162,419458.7615,0.07,-0.97
890,679878.9159,419458.76,0,-0.19
891,679878.9159,419458.76,0,0.07
892,679878.9159,419458.76,0,0.04
893,679878.9159,419458.76,0,0
894,679878.9159,419458.76,0,0
895,679878.9159,419458.76,0,0
896,679878.9159,419458.76,0,0
897,679878.9159,419458.76,0,0
898,679878.9159,419458.76,0,0
899,679878.9159,419458.76,0,0
900,679878.9159,419458.76,0,0
901,679878.9159,419458.76,0,0
902,679878.9159,419458.76,0,0
903,679878.9159,419458.76,0,0
904,679878.9159,419458.76,0,0
905,679878.9159,419458.76,0,0
906,679878.9159,419458.76,0,0
907,679878.9159,419458.76,0,0
908,679878.9159,419458.76,0,0
909,679878.9159,419458.76,0,0
910,679878.9159,419458.76,0,0
911,679878.9159,419458.76,0,0
912,679878.9159,419458.76,0,0
913,679878.9159,419458.76,0,0
914,679878.9159,419458.76,0,0
915,679878.9159,419458.76,0,0
916,679878.9159,419458.76,0,0
917,679878.9159,419458.76,0,0
918,679878.9159,419458.76,0,0
919,679878.9159,419458.76,0,0
920,679878.9159,419458.76,0,0
921,679878.9159,419458.76,0,0
922,679878.9159,419458.76,0,0
923,679878.9159,419458.76,0,0
924,679878.9159,419458.76,0,0
925,679878.9159,419458.76,0,0
926,679878.9159,419458.76,0,0
927,679878.9159,419458.76,0,0
928,679878.9159,419458.76,0,0
929,679878.9159,419458.76,0,0
930,679878.9159,419458.76,0,0
931,679878.9159,419458.76,0,0
932,679878.9159,419458.76,0,0
933,679878.9159,419458.76,0,0
934,679878.9159,419458.76,0,0
935,679878.9159,419458.76,0,0
936,679878.9159,419458.76,0,0
937,679878.9159,419458.76,0,0
938,679878.9159,419458.76,0,0
939,679878.9159,419458.76,0,0
940,679878.9159,419458.76,0,0
941,679878.9159,419458.76,0,0
942,679878.9159,419458.76,0,0
943,679878.9159,419458.76,0,0
944,679878.9159,419458.76,0,0
945,679878.9159,419458.76,0,0
946,679878.9159,419458.76,0,0
947,679878.9159,419458.76,0,0
948,679878.9159,419458.76,0,0
949,679878.9159,419458.76,0,0
950,679878.9159,419458.76,0,0
951,679878.9159,419458.76,0,0
952,679878.9159,419458.76,0,0
953,679878.9159,419458.76,0,0
954,679878.9159,419458.76,0,0
955,679878.9159,419458.76,0,0
956,679878.9159,419458.76,0,0
957,679878.9159,419458.76,0,0
958,679878.9159,419458.76,0,0
959,679878.9159,419458.76,0,0
960,679878.9159,419458.76,0,0
961,679878.9159,419458.76,0,0
962,679878.9159,419458.76,0,0
963,679878.9159,419458.76,0,0
964,679878.9159,419458.76,0,0
965,679878.9159,419458.76,0,0
966,679878.9159,419458.76,0,0
967,679878.9159,419458.76,0,0
968,679878.9159,419458.76,0,0
969,679878.9159,419458.76,0,0
970,679878.9159,419458.76,0,0
971,679878.9159,419458.76,0,0
972,679878.9159,419458.76,0,0
973,679878.9159,419458.76,0,0
974,679878.9159,419458.76,0,0
975,679878.9159,419458.76,0,0
976,679878.9159,419458.76,0,0
977,679878.9159,419458.76,0,0
978,679878.9159,419458.76,0,0
979,679878.9159,419458.76,0,0
980,679878.9159,419458.76,0,0
981,679878.9159,419458.76,0,0
982,679878.9159,419458.76,0,0
983,679878.9159,419458.76,0,0
984,679878.9159,419458.76,0,0
985,679878.9159,419458.76,0,0
986,679878.9159,419458.76,0,0
987,679878.9159,419458.76,0,0
988,679878.9159,419458.76,0,0
989,679878.9159,419458.76,0,0
990,679878.9159,419458.76,0,0
991,679878.9159,419458.76,0,0
992,679878.9159,419458.76,0,0
993,679878.9159,419458.76,0,0
994,679878.9159,419458.76,0,0
995,679878.9159,419458.76,0,0
996,679878.9159,419458.76,0,0
997,679878.9159,419458.76,0,0
998,679878.9159,419458.76,0,0
999,679878.9159,419458.76,0,0
1000,679878.9159,419458.76,0,0
1001,679878.9159,419458.76,0,0
1002,679878.9159,419458.76,0,0
1003,679878.9159,419458.76,0,0
1004,679878.9159,419458.76,0,0
1005,679878.9159,419458.76,0,0
1006,679878.9159,419458.76,0,0
1007,679878.9159,419458.76,0,0
1008,679878.9159,419458.76,0,0
1009,679878.9159,419458.76,0,0
1010,679878.9159,419458.76,0,0
1011,679878.9159,419458.76,0,0
1012,679878.9159,419458.76,0,0
1013,679878.9159,419458.76,0,0
1014,679878.9159,419458.76,0,0
1015,679878.9159,419458.76,0,0
1016,679878.9159,419458.76,0,0
1017,679878.9159,419458.76,0,0
1018,679878.9159,419458.76,0,0
1019,679878.9159,419458.76,0,0
1020,679878.9159,419458.76,0,0
1021,679878.9159,419458.76,0,0
1022,679878.9159,419458.76,0,0
1023,679878.9159,419458.76,0,0
1024,679878.9159,419458.76,0,0
1025,679878.9159,419458.76,0,0
1026,679878.9159,419458.76,0,0
1027,679878.9159,419458.76,0,0
1028,679878.9159,419458.76,0,0
1029,679878.9159,419458.76,0,0
1030,679878.9159,419458.76,0,0
1031,679878.9159,419458.76,0,0
1032,679878.9159,419458.76,0,0
1033,679878.9159,419458.76,0,0
1034,679878.9159,419458.76,0,0
1035,679878.9159,419458.76,0,0
1036,679878.9159,419458.76,0,0
1037,679878.9159,419458.76,0,0
1038,679878.9159,419458.76,0,0
1039,679878.9159,419458.76,0,0
1040,679878.9159,419458.76,0,0
1041,679878.9159,419458.76,0,0
1042,679878.9159,419458.76,0,0
1043,679878.9159,419458.76,0,0
1044,679878.9159,419458.76,0,0
1045,679878.9159,419458.76,0,0
1046,679878.9159,419458.76,0,0
1047,679878.9159,419458.76,0,0
1048,679878.9159,419458.76,0,0
1049,679878.9159,419458.76,0,0
1050,679878.9159,419458.76,0,0
1051,679878.9159,419458.76,0,0
1052,679878.9159,419458.76,0,0
1053,679878.9159,419458.76,0,0
1054,679878.9159,419458.76,0,0
1055,679878.9159,419458.76,0,0
1056,679878.9159,419458.76,0,0
1057,679878.9159,419458.76,0,0
1058,679878.9159,419458.76,0,0
1059,679878.9159,419458.76,0,0
1060,679878.9159,419458.76,0,0
1061,679878.9159,419458.76,0,0
1062,679878.9159,419458.76,0,0
1063,679878.9159,419458.76,0,0
1064,679878.9159,419458.76,0,0
1065,679878.9159,419458.76,0,0
1066,679878.9159,419458.76,0,0
1067,679878.9159,419458.76,0,0
1068,679878.9159,419458.76,0,0
1069,679878.9159,419458.76,0,0
1070,679878.9159,419458.76,0,0
1071,679878.9159,419458.76,0,0
1072,679878.9159,419458.76,0,0
1073,679878.9159,419458.76,0,0
1074,679878.9159,419458.76,0,0
1075,679878.9159,419458.76,0,0
1076,679878.9159,419458.76,0,0
1077,679878.9159,419458.76,0,0
1078,679878.9159,419458.76,0,0
1079,679878.9159,419458.76,0,0
1080,679878.9159,419458.76,0,0
1081,679878.9159,419458.76,0,0
1082,679878.9159,419458.76,0,0
1083,679878.9159,419458.76,0,0
1084,679878.9159,419458.76,0,0
1085,679878.9159,419458.76,0,0
1086,679878.9159,419458.76,0,0
1087,679878.9159,419458.76,0,0
1088,679878.9159,419458.76,0,0
1089,679878.9159,419458.76,0,0
1090,679878.9159,419458.76,0,0
1091,679878.9159,419458.76,0,0
1092,679878.9159,419458.76,0,0
1093,679878.9159,419458.76,0,0
1094,679878.9159,419458.76,0,0
1095,679878.9159,419458.76,0,0
1096,679878.9159,419458.76,0,0
1097,679878.9159,419458.76,0,0
1098,679878.9159,419458.76,0,0
1099,679878.9159,419458.76,0,0
1100,679878.9159,419458.76,0,0
1101,679878.9159,419458.76,0,0
1102,679878.9159,419458.76,0,0
1103,679878.9159,419458.76,0,0
1104,679878.9159,419458.76,0,0
1105,679878.9159,419458.76,0,0
1106,679878.9159,419458.76,0,0
1107,679878.9159,419458.76,0,0
1108,679878.9159,419458.76,0,0
1109,679878.9159,419458.76,0,0
1110,679878.9159,419458.76,0,0
1111,679878.9159,419458.76,0,0
1112,679878.9159,419458.76,0,0
1113,679878.9159,419458.76,0,0
1114,679878.9159,419458.76,0,0
1115,679878.9159,419458.76,0,0
1116,679878.9159,419458.76,0,0
1117,679878.9159,419458.76,0,0
1118,679878.9159,419458.76,0,0
1119,679878.9159,419458.76,0,0
1120,679878.9159,419458.76,0,0
1121,679878.9159,419458.76,0,0
1122,679878.9159,419458.76,0,0
1123,679878.9159,419458.76,0,0
1124,679878.9159,419458.76,0,0
1125,679878.9159,419458.76,0,0
1126,679878.9159,419458.76,0,0
1127,679878.9159,419458.76,0,0
1128,679878.9159,419458.76,0,0
1129,679878.9159,419458.76,0,0
1130,679878.9159,419458.76,0,0
1131,679878.9159,419458.76,0,0
1132,679878.9159,419458.76,0,0
1133,679878.9159,419458.76,0,0
1134,679878.9159,419458.76,0,0
1135,679878.9159,419458.76,0,0
1136,679878.9159,419458.76,0,0
1137,679878.9159,419458.76,0,0
1138,679878.9159,419458.76,0,0
1139,679878.9159,419458.76,0,0
1140,679878.9159,419458.76,0,0
1141,679878.9159,419458.76,0,0
1142,679878.9159,419458.76,0,0
1143,679878.9159,419458.76,0,0
1144,679878.9159,419458.76,0,0
1145,679878.9159,419458.76,0,0
1146,679878.9159,419458.76,0,0
1147,679878.9159,419458.76,0,0
1148,679878.9159,419458.76,0,0
1149,679878.9159,419458.76,0,0
1150,679878.9159,419458.76,0,0
1151,679878.9159,419458.76,0,0
1152,679878.9159,419458.76,0,0
1153,679878.9159,419458.76,0,0
1154,679878.9159,419458.76,0,0
1155,679878.9159,419458.76,0,0
1156,679878.9159,419458.76,0,0
1157,679878.9159,419458.76,0,0
1158,679878.9159,419458.76,0,0
1159,679878.9159,419458.76,0,0
1160,679878.9159,419458.76,0,0
1161,679878.9159,419458.76,0,0
1162,679878.9159,419458.76,0,0
1163,679878.9159,419458.76,0,0
1164,679878.9159,419458.76,0,0
1165,679878.9159,419458.76,0,0
1166,679878.9159,419458.76,0,0
1167,679878.9159,419458.76,0,0
1168,679878.9159,419458.76,0,0
1169,679878.9159,419458.76,0,0
1170,679878.9159,419458.76,0,0
1171,679878.9159,419458.76,0,0
1172,679878.9159,419458.76,0,0
1173,679878.9159,419458.76,0,0
1174,679878.9159,419458.76,0,0
1175,679878.9159,419458.76,0,0
1176,679878.9159,419458.76,0,0
1177,679878.9159,419458.76,0,0
1178,679878.9159,419458.76,0,0
1179,679878.9159,419458.76,0,0
1180,679878.9159,419458.76,0,0
1181,679878.9159,419458.76,0,0
1182,679878.9159,419458.76,0,0
1183,679878.9159,419458.76,0,0
1184,679878.9159,419458.76,0,0
1185,679878.9159,419458.76,0,0
1186,679878.9159,419458.76,0,0
1187,679878.9159,419458.76,0,0
1188,679878.9159,419458.76,0,0
1189,679878.9159,419458.76,0,0
1190,679878.9159,419458.76,0,0
1191,679878.9159,419458.76,0,0
1192,679878.9159,419458.76,0,0
1193,679878.9159,419458.76,0,0
1194,679878.9159,419458.76,0,0
1195,679878.9159,419458.76,0,0
1196,679878.9159,419458.76,0,0
1197,679878.9159,419458.76,0,0
1198,679878.9159,419458.76,0,0
1199,679878.9159,419458.76,0,0
1200,679878.9159,419458.76,0,0
1201,679878.9159,419458.76,0,0
1202,679878.9159,419458.76,0,0
1203,679878.9159,419458.76,0,0
1204,679878.9159,419458.76,0,0
1205,679878.9159,419458.76,0,0
1206,679878.9159,419458.76,0,0
1207,679878.9159,419458.76,0,0
1208,679878.9159,419458.76,0,0
1209,679878.9159,419458.76,0,0
1210,679878.9159,419458.76,0,0
1211,679878.9159,419458.76,0,0
1212,679878.9159,419458.76,0,0
1213,679878.9159,419458.76,0,0
1214,679878.9159,419458.76,0,0
1215,679878.9159,419458.76,0,0
1216,679878.9159,419458.76,0,0
1217,679878.9159,419458.76,0,0
1218,679878.9159,419458.76,0,0
1219,679878.9159,419458.76,0,0
1220,679878.9159,419458.76,0,0
1221,679878.9159,419458.76,0,0
1222,679878.9159,419458.76,0,0
1223,679878.9159,419458.76,0,0
1224,679878.9159,419458.76,0,0
1225,679878.9159,419458.76,0,0
1226,679878.9159,419458.76,0,0
1227,679878.9159,419458.76,0,0
1228,679878.9159,419458.76,0,0
1229,679878.9159,419458.76,0,0
1230,679878.9159,419458.76,0,0
1231,679878.9159,419458.76,0,0
1232,679878.9159,419458.76,0,0
1233,679878.9159,419458.76,0,0
1234,679878.9159,419458.76,0,0
1235,679878.9159,419458.76,0,0
1236,679878.9159,419458.76,0,0
1237,679878.9159,419458.76,0,0
1238,679878.9159,419458.76,0,0
1239,679878.9159,419458.76,0,0
1240,679878.9159,419458.76,0,0
1241,679878.9159,419458.76,0,0
1242,679878.9159,419458.76,0,0
1243,679878.9159,419458.76,0,0
1244,679878.9159,419458.76,0,0
1245,679878.9159,419458.76,0,0
1246,679878.9159,419458.76,0,0
1247,679878.9159,419458.76,0,0
1248,679878.9159,419458.76,0,0
1249,679878.9159,419458.76,0,0
1250,679878.9159,419458.76,0,0
1251,679878.9159,419458.76,0,0
1252,679878.9159,419458.76,0,0
1253,679878.9159,419458.76,0,0
1254,679878.9159,419458.76,0,0
1255,679878.9159,419458.76,0,0
1256,679878.9159,419458.76,0,0
1257,679878.9159,419458.76,0,0
1258,679878.9159,419458.76,0,0
1259,679878.9159,419458.76,0,0
1260,679878.9159,419458.76,0,0
1261,679878.9159,419458.76,0,0
1262,679878.9159,419458.76,0,0
1263,679878.9159,419458.76,0,0
1264,679878.9159,419458.76,0,0
1265,679878.9159,419458.76,0,0
1266,679878.9159,419458.76,0,0
1267,679878.9159,419458.76,0,0
1268,679878.9159,419458.76,0,0
1269,679878.9159,419458.76,0,0
1270,679878.9159,419458.76,0,0
1271,679878.9159,419458.76,0,0
1272,679878.9159,419458.76,0,0
1273,679878.9159,419458.76,0,0
1274,679878.9159,419458.76,0,0
1275,679878.9159,419458.76,0,0
1276,679878.9159,419458.76,0,0
1277,679878.9159,419458.76,0,0
1278,679878.9159,419458.76,0,0
1279,679878.9159,419458.76,0,0
1280,679878.9159,419458.76,0,0
1281,679878.9159,419458.76,0,0
1282,679878.9159,419458.76,0,0
1283,679878.9159,419458.76,0,0
1284,679878.9159,419458.76,0,0
1285,679878.9159,419458.76,0,0
1286,679878.9159,419458.76,0,0
1287,679878.9159,419458.76,0,0
1288,679878.9159,419458.76,0,0
1289,679878.9159,419458.76,0,0
1290,679878.9159,419458.76,0,0
1291,679878.9159,419458.76,0,0
1292,679878.9159,419458.76,0,0.04
1293,679878.9159,419458.76,0,0.07
1294,679878.9159,419458.7603,0,0.09
1295,679878.9156,419458.7612,0,0.09
1296,679878.9153,419458.7624,0.04,0.07
1297,679878.9147,419458.7639,0.04,0.03
1298,679878.9144,419458.7654,0.05,0
1299,679878.9141,419458.767,0.04,0
1300,679878.9137,419458.7682,0.04,0
1301,679878.9131,419458.7697,0.04,0
1302,679878.9128,419458.7709,0.04,0
1303,679878.9125,419458.7725,0.04,0
1304,679878.9119,419458.7737,0.04,0
1305,679878.9116,419458.7752,0.04,0
1306,679878.9113,419458.7767,0.05,0
1307,679878.911,419458.7779,0.04,0
1308,679878.9104,419458.7795,0.04,0
1309,679878.9101,419458.7807,0.04,0
1310,679878.9098,419458.7822,0.04,0
1311,679878.9092,419458.7834,0.04,0
1312,679878.9089,419458.785,0.04,0
1313,679878.9086,419458.7865,0.04,0
1314,679878.9083,419458.7877,0.04,0
1315,679878.9077,419458.7892,0.04,0
1316,679878.9073,419458.7904,0.04,0
1317,679878.907,419458.792,0.04,0
1318,679878.9067,419458.7932,0.04,0
1319,679878.9061,419458.7947,0.04,0
1320,679878.9058,419458.7962,0.04,0
1321,679878.9055,419458.7975,0.04,0
1322,679878.9049,419458.799,0.04,0
1323,679878.9046,419458.8002,0.04,0
1324,679878.9043,419458.8017,0.04,0
1325,679878.904,419458.8029,0.04,0
1326,679878.9034,419458.8045,0.04,0
1327,679878.9031,419458.8057,0.04,0
1328,679878.9028,419458.8072,0.04,0
1329,679878.9022,419458.8087,0.04,0
1330,679878.9019,419458.81,0.04,0
1331,679878.9016,419458.8115,0.04,0
1332,679878.9013,419458.8127,0.04,0
1333,679878.9006,419458.8142,0.04,0
1334,679878.9003,419458.8154,0.04,0
1335,679878.9,419458.817,0.04,0
1336,679878.8997,419458.8185,0.04,0
1337,679878.8991,419458.8197,0.04,0
1338,679878.8988,419458.8212,0.04,0
1339,679878.8985,419458.8224,0.04,0
1340,679878.8979,419458.824,0.04,0
1341,679878.8976,419458.8252,0.04,0
1342,679878.8973,419458.8267,0.05,0
1343,679878.897,419458.8282,0.04,0
1344,679878.8964,419458.8295,0.04,0
1345,679878.8961,419458.831,0.04,0
1346,679878.8958,419458.8322,0.04,0
1347,679878.8952,419458.8337,0.04,0
1348,679878.8948,419458.8349,0.04,0
1349,679878.8945,419458.8365,0.04,0
1350,679878.8942,419458.838,0.04,0
1351,679878.8936,419458.8392,0.04,0
1352,679878.8933,419458.8407,0.04,0
1353,679878.893,419458.842,0.04,0
1354,679878.8924,419458.8435,0.04,0
1355,679878.8921,419458.8447,0.04,0
1356,679878.8918,419458.8462,0.04,0
1357,679878.8915,419458.8477,0.04,0
1358,679878.8909,419458.849,0.04,0
1359,679878.8906,419458.8505,0.04,0
1360,679878.8903,419458.8517,0.04,0
1361,679878.89,419458.8532,0.04,0
1362,679878.8894,419458.8545,0.04,0
1363,679878.8891,419458.856,0.04,0
1364,679878.8888,419458.8575,0.05,0
1365,679878.8881,419458.8587,0.04,0
1366,679878.8878,419458.8602,0.04,0
1367,679878.8875,419458.8615,0.04,0
1368,679878.8872,419458.863,0.04,0
1369,679878.8866,419458.8642,0.05,0
1370,679878.8863,419458.8657,0.04,0
1371,679878.886,419458.8673,0.04,0
1372,679878.8854,419458.8685,0.04,0
1373,679878.8851,419458.87,0.04,0
1374,679878.8848,419458.8712,0.04,0
1375,679878.8845,419458.8727,0.04,0
1376,679878.8839,419458.874,0.04,0
1377,679878.8836,419458.8755,0.04,0
1378,679878.8833,419458.877,0.04,0
1379,679878.883,419458.8782,0.04,0
1380,679878.8824,419458.8797,0.04,0
1381,679878.882,419458.881,0.04,0
1382,679878.8817,419458.8825,0.04,0
1383,679878.8811,419458.8837,0.04,0
1384,679878.8808,419458.8852,0.04,0
1385,679878.8805,419458.8865,0.04,0
1386,679878.8802,419458.888,0.04,0
1387,679878.8796,419458.8895,0.05,0
1388,679878.8793,419458.8907,0.04,0
1389,679878.879,419458.8922,0.04,0
1390,679878.8784,419458.8935,0.04,0
1391,679878.8781,419458.895,0.04,0
1392,679878.8778,419458.8962,0.04,0
1393,679878.8775,419458.8977,0.04,0
1394,679878.8769,419458.8993,0.04,0
1395,679878.8766,419458.9005,0.04,0
1396,679878.8763,419458.902,0.04,0
1397,679878.876,419458.9032,0.04,0
1398,679878.8753,419458.9047,0.04,0
1399,679878.875,419458.906,0.04,0
1400,679878.8747,419458.9075,0.05,0
1401,679878.8741,419458.909,0.04,0
1402,679878.8738,419458.9102,0.04,0
1403,679878.8735,419458.9118,0.04,0
1404,679878.8732,419458.913,0.04,0
1405,679878.8726,419458.9145,0.04,0
1406,679878.8723,419458.9157,0.04,0
1407,679878.872,419458.9172,0.04,0
1408,679878.8714,419458.9188,0.04,0
1409,679878.8711,419458.92,0.04,0
1410,679878.8708,419458.9215,0.04,0
1411,679878.8705,419458.9227,0.04,0
1412,679878.8699,419458.9243,0.04,0
1413,679878.8696,419458.9255,0.04,0
1414,679878.8692,419458.927,0.04,0
1415,679878.8686,419458.9285,0.04,0
1416,679878.8683,419458.9297,0.04,0
1417,679878.868,419458.9313,0.04,0
1418,679878.8677,419458.9325,0.04,0
1419,679878.8671,419458.934,0.04,0
1420,679878.8668,419458.9352,0.04,0
1421,679878.8665,419458.9367,0.04,0
1422,679878.8662,419458.9383,0.04,0
1423,679878.8656,419458.9395,0.04,0
1424,679878.8653,419458.941,0.04,0
1425,679878.865,419458.9422,0.04,0
1426,679878.8644,419458.9438,0.04,0
1427,679878.8641,419458.945,0.05,0
1428,679878.8638,419458.9465,0.04,0
1429,679878.8635,419458.948,0.04,0
1430,679878.8628,419458.9492,0.04,0
1431,679878.8625,419458.9508,0.04,0
1432,679878.8622,419458.952,0.04,0
1433,679878.8616,419458.9535,0.04,0
1434,679878.8613,419458.9547,0.04,0
1435,679878.861,419458.9563,0.04,0
1436,679878.8607,419458.9578,0.05,0
1437,679878.8601,419458.959,0.04,0
1438,679878.8598,419458.9605,0.04,0
1439,679878.8595,419458.9617,0.04,0
1440,679878.8592,419458.9633,0.04,0
1441,679878.8586,419458.9645,0.04,0
1442,679878.8583,419458.966,0.04,0
1443,679878.858,419458.9675,0.04,0
1444,679878.8574,419458.9688,0.04,0
1445,679878.8571,419458.9703,0.04,0
1446,679878.8567,419458.9715,0.04,0
1447,679878.8564,419458.973,0.04,0
1448,679878.8558,419458.9742,0.04,0
1449,679878.8555,419458.9758,0.04,0
1450,679878.8552,419458.977,0.04,0
1451,679878.8546,419458.9785,0.04,0
1452,679878.8543,419458.98,0.04,0
1453,679878.854,419458.9812,0.04,0
1454,679878.8537,419458.9828,0.04,0
1455,679878.8531,419458.984,0.04,0
1456,679878.8528,419458.9855,0.04,0
1457,679878.8525,419458.9867,0.04,0
1458,679878.8519,419458.9883,0.04,0
1459,679878.8516,419458.9898,0.04,0
1460,679878.8513,419458.991,0.04,0
1461,679878.851,419458.9925,0.04,0
1462,679878.8503,419458.9937,0.04,0
1463,679878.85,419458.9953,0.04,0
1464,679878.8497,419458.9965,0.04,0
1465,679878.8494,419458.998,0.04,0
1466,679878.8488,419458.9995,0.04,0
1467,679878.8485,419459.0008,0.04,0
1468,679878.8482,419459.0023,0.04,0
1469,679878.8476,419459.0035,0.04,0
1470,679878.8473,419459.005,0.04,0
1471,679878.847,419459.0062,0.04,0
1472,679878.8467,419459.0078,0.05,0
1473,679878.8461,419459.0093,0.04,0
1474,679878.8458,419459.0105,0.04,0
1475,679878.8455,419459.012,0.04,0
1476,679878.8449,419459.0133,0.04,0
1477,679878.8446,419459.0148,0.04,0
1478,679878.8443,419459.016,0.04,0
1479,679878.8439,419459.0175,0.04,0
1480,679878.8433,419459.019,0.04,0
1481,679878.843,419459.0203,0.04,0
1482,679878.8427,419459.0218,0.04,0
1483,679878.8424,419459.023,0.04,0
1484,679878.8418,419459.0245,0.04,0
1485,679878.8415,419459.0257,0.04,0
1486,679878.8412,419459.0273,0.04,0
1487,679878.8406,419459.0288,0.04,0
1488,679878.8403,419459.03,0.04,0
1489,679878.84,419459.0315,0.04,0
1490,679878.8397,419459.0328,0.04,0
1491,679878.8391,419459.0343,0.04,0
1492,679878.8388,419459.0355,0.04,0
1493,679878.8385,419459.037,0.04,0
1494,679878.8379,419459.0386,0.05,0
1495,679878.8375,419459.0398,0.04,0
1496,679878.8372,419459.0413,0.14,1.64
1497,679878.8369,419459.0425,0.38,3.1
1498,679878.8363,419459.044,0.55,1.5
1499,679878.836,419459.0453,0.55,-1.48
1500,679878.8357,419459.0468,0.38,-3.1
1501,679878.8351,419459.0483,0.15,-1.65
1502,679878.8348,419459.0495,0.04,0
1503,679878.8345,419459.051,0.04,0
1504,679878.8342,419459.0523,0.04,0
1505,679878.8336,419459.0538,0.04,0
1506,679878.8333,419459.055,0.04,0
1507,679878.833,419459.0565,0.04,0
1508,679878.8327,419459.0578,0.04,0
1509,679878.8321,419459.0593,0.04,0
1510,679878.8318,419459.0608,0.09,2.21
1511,679878.8315,419459.062,0.16,0.52
1512,679878.8311,419459.0635,0.58,11.26
1513,679878.8257,419459.0456,2.33,11.21
1514,679878.8257,419459.1376,5.07,11.1
1515,679878.8546,419459.3299,8.42,11.51
1516,679878.9208,419459.6274,11.57,11.3
1517,679879.0156,419460.0252,14.05,11.19
1518,679879.1158,419460.5327,15.63,9.66
1519,679879.2103,419461.0213,16.28,1.37
1520,679879.3051,419461.5096,16.36,-0.56
1521,679879.3996,419461.9979,16.32,0
1522,679879.4944,419462.4861,16.32,0
1523,679879.5889,419462.9747,16.32,0
1524,679879.6837,419463.463,16.32,0
1525,679879.7782,419463.9513,16.32,0
1526,679879.873,419464.4396,16.32,0
1527,679879.9674,419464.9282,16.32,0
1528,679880.0622,419465.4165,16.32,0
1529,679880.1567,419465.9048,16.32,0
1530,679880.2515,419466.3931,16.32,0
1531,679880.346,419466.8817,16.32,0
1532,679880.4408,419467.37,16.32,0
1533,679880.5353,419467.8582,16.32,0
1534,679880.6301,419468.3465,16.32,0
1535,679880.7246,419468.8351,16.32,0
1536,679880.8194,419469.3234,16.32,0
1537,679880.9138,419469.8117,16.32,0
1538,679881.0086,419470.3,16.32,0
1539,679881.1031,419470.7886,16.32,0
1540,679881.1979,419471.2769,16.32,0
1541,679881.2924,419471.7652,16.32,0
1542,679881.3872,419472.2535,16.32,0
1543,679881.4817,419472.7421,16.32,0
1544,679881.5765,419473.2303,16.28,-0.67
1545,679881.671,419473.7186,16.32,0.71
1546,679881.7658,419474.2069,16.84,8.02
1547,679881.8557,419474.673,18.19,11.23
1548,679881.9456,419475.2375,20.42,11.9
1549,679882.077,419475.8864,23.29,12.27
1550,679882.2507,419476.6234,26.22,12.27
1551,679882.4665,419477.4445,28.55,12.27
1552,679882.7237,419478.3644,30,9.08
1553,679882.9807,419479.2617,30.58,1.18
1554,679883.2331,419480.1591,30.63,-0.74
1555,679883.4854,419481.0564,30.58,-0.13
1556,679883.7378,419481.9537,30.58,0
1557,679883.9902,419482.8511,30.58,0
1558,679884.2423,419483.7484,30.58,0
1559,679884.4946,419484.6457,30.58,0
1560,679884.747,419485.543,30.58,0
1561,679884.9994,419486.4404,30.58,0
1562,679885.2518,419487.3377,30.58,0
1563,679885.5041,419488.235,30.58,0
1564,679885.7565,419489.1324,30.58,0
1565,679886.0089,419490.0297,30.58,0
1566,679886.2613,419490.927,30.58,0
1567,679886.5136,419491.8244,30.56,-0.55
1568,679886.766,419492.7217,30.58,1.61
1569,679887.0181,419493.619,31.02,7.91
1570,679887.2549,419494.5054,34,12.27
1571,679887.5929,419495.4286,40.13,10.02
1572,679887.9724,419496.4552,45.78,10.02
1573,679888.4418,419497.5839,48.8,6.14
1574,679888.8441,419498.8165,48.3,-10.02
1575,679889.2157,419500.1475,44.87,-10.02
1576,679889.5123,419501.5325,41.56,-12.27
1577,679889.7604,419502.7088,38.72,-12.27
1578,679890.0521,419503.7686,36.53,-10.18
1579,679890.4925,419504.6903,36.69,12.27
1580,679891.05,419505.6577,39.16,12.27
1581,679891.7352,419506.6651,42.41,12.27
1582,679892.567,419507.8233,45.65,11.85
1583,679893.3933,419508.9895,48.42,10.02
1584,679894.2193,419510.155,49.76,9
1585,679895.0453,419511.3203,49.77,-9.01
1586,679895.871,419512.4846,48.79,-12.27
1587,679896.6967,419513.6487,47.4,-9.87
1588,679897.5218,419514.8118,46.79,-0.18
1589,679898.3469,419515.9746,46.77,-0.19
1590,679899.1717,419517.1371,47.08,4.88
1591,679899.9962,419518.2987,47.81,8.76
1592,679900.8203,419519.4597,48.35,0.78
1593,679901.6445,419520.6203,48.25,-8.04
1594,679902.4708,419521.7893,47.31,-11.25
1595,679903.2941,419522.9447,45.73,-10.78
1596,679904.1042,419524.0451,44.23,-10.3
1597,679904.8973,419525.1131,43.08,-10.21
1598,679905.6773,419526.1253,42.26,-5.47
1599,679906.4549,419527.1251,41.87,-1.34
1600,679907.2348,419528.1337,41.79,0.37
1601,679908.0148,419529.1422,41.82,0.23
1602,679908.7948,419530.1511,41.84,0
1603,679909.5748,419531.1597,41.83,0
1604,679910.3548,419532.1683,41.83,0
1605,679911.1348,419533.1766,41.83,0
1606,679911.9147,419534.1852,41.79,-0.61
1607,679912.6944,419535.1937,41.79,-0.19
1608,679913.4744,419536.2023,42.17,6.03
1609,679914.2425,419537.1929,43.28,11.18
1610,679915.0408,419538.2478,45.2,11.2
1611,679915.8997,419539.3741,47.75,11.2
1612,679916.8025,419540.5649,50.29,11.2
1613,679917.766,419541.8268,51.32,11.17
1614,679918.7596,419543.153,51.31,5.75
1615,679919.7417,419544.4615,51.32,-6.2
1616,679920.7354,419545.7889,51.32,-11.11
1617,679921.6994,419547.0447,50.12,-11.16
1618,679922.6029,419548.2273,47.49,-11.19
1619,679923.463,419549.3404,44.85,-11.16
1620,679924.2628,419550.3801,42.85,-11.11
1621,679925.0327,419551.3481,41.68,-6.41
1622,679925.8145,419552.3351,41.26,-0.1
1623,679926.5964,419553.322,41.23,0.34
1624,679927.3782,419554.3093,41.34,0.93
1625,679928.1594,419555.288,41.66,3.83
1626,679928.9412,419556.2758,41.76,-3.9
1627,679929.7263,419557.3183,41.44,-5.94
1628,679930.5167,419558.3912,41.48,3.13
1629,679931.3104,419559.5186,42.16,12.27
1630,679932.105,419560.6552,43.4,11.76
1631,679932.899,419561.7839,44.75,8.61
1632,679933.693,419562.9123,45.27,-0.2
1633,679934.4867,419564.0406,45.26,0
1634,679935.2807,419565.169,45.24,-0.29
1635,679936.0744,419566.2974,45.2,-0.56
1636,679936.8684,419567.4257,45.28,1.49
1637,679937.6554,419568.5465,45.73,6.72
1638,679938.4488,419569.6745,46.69,11.44
1639,679939.2821,419570.8508,48.08,11.58
1640,679940.1523,419572.0593,49.46,11.44
1641,679941.0625,419573.316,50.42,6.68
1642,679941.9787,419574.58,50.86,1.46
1643,679942.8882,419575.8361,50.94,-0.59
1644,679943.7977,419577.0922,50.89,-0.32
1645,679944.7073,419578.3482,50.26,-10.07
1646,679945.6165,419579.6043,48.41,-11.02
1647,679946.526,419580.8604,45.83,-11.21
1648,679947.4367,419582.1034,42.94,-12.27
1649,679948.1881,419583.1891,40.46,-12.27
1650,679948.7916,419584.2318,39.29,-7.03
1651,679949.2552,419585.252,38.93,-5.31
1652,679949.5636,419586.4178,39.39,5.08
1653,679949.7837,419587.7175,41.42,12.27
1654,679950.0727,419589.2259,44.38,10.02
1655,679950.3366,419590.7533,47.82,10.02
1656,679950.6137,419592.2858,51.06,10.02
1657,679950.9459,419593.8455,52.31,3.28
1658,679951.3123,419595.4628,52.11,-8.77
1659,679951.7366,419597.0166,50.58,-12.27
1660,679952.1401,419598.4778,47.86,-12.27
1661,679952.497,419599.8577,44.96,-12.25
1662,679952.8256,419601.1567,43.01,-12.09
1663,679953.149,419602.3601,42.76,7.87
1664,679953.4556,419603.5805,44.21,11.01
1665,679953.8339,419604.9274,46.47,11.16
1666,679954.2487,419606.3304,48.14,11.16
1667,679954.7038,419607.8294,48.3,-7.06
1668,679955.0851,419609.2501,46.98,-10.02
1669,679955.4356,419610.6281,45.06,-10.51
1670,679955.7029,419611.8878,43.53,-11.16
1671,679955.9928,419613.154,42.77,-2.88
1672,679956.2827,419614.4204,42.24,-5.57
1673,679956.5725,419615.6865,41.37,-11.15
1674,679956.8624,419616.953,40.59,-6.47
1675,679957.1522,419618.2191,40.5,3.88
1676,679957.4421,419619.4853,41.34,12.27
1677,679957.7381,419620.7407,42.78,11.61
1678,679958.0279,419622.02,44.04,10.02
1679,679958.2873,419623.3581,45.24,10.02
1680,679958.5059,419624.7358,46.45,10.02
1681,679958.6939,419626.1723,47.36,8.51
1682,679958.8759,419627.6329,47.73,-0.83
1683,679959.064,419629.0822,47.61,3.45
1684,679959.252,419630.5318,47.41,4.56
1685,679959.4401,419631.9812,47.39,5.21
1686,679959.6281,419633.4305,47.58,4.19
1687,679959.8162,419634.8801,47.84,1.78
1688,679960.0043,419636.3294,47.93,-0.38
1689,679960.1923,419637.7788,47.92,0.05
1690,679960.3804,419639.2281,48.17,4.05
1691,679960.5651,419640.6652,48.99,11.21
1692,679960.7593,419642.1395,50.34,11.2
1693,679960.965,419643.6928,51.35,11.14
1694,679961.1616,419645.3155,51.34,11.14
1695,679961.3338,419647.0066,51.34,8.99
1696,679961.4771,419648.7802,51.34,-11.21
1697,679961.6194,419650.5285,51.33,-11.33
1698,679961.7581,419652.0483,48.18,-11.21
1699,679961.851,419653.4592,44.89,-10.79
1700,679961.9071,419654.7741,44.23,11.99
1701,679961.9266,419656.1686,45.98,12.27
1702,679961.9489,419657.6087,48.3,12.2
1703,679961.9891,419659.2208,48.81,-8.17
1704,679962.0385,419660.7329,47.23,-10.39
1705,679962.0958,419662.1545,45.07,-10.08
1706,679962.1546,419663.4728,43.64,-4.89
1707,679962.2116,419664.8121,43.38,4.81
1708,679962.2689,419666.1511,43.74,3.56
1709,679962.3259,419667.4901,43.96,-0.09
1710,679962.3829,419668.8284,43.95,-0.08
1711,679962.4399,419670.1668,43.95,-0.06
1712,679962.4969,419671.5049,43.94,-0.07
1713,679962.5539,419672.8429,44.45,8.43
1714,679962.6109,419674.1804,45.63,10.75
1715,679962.6679,419675.5179,46.67,10.02
1716,679962.7246,419676.855,47.43,-2.43
1717,679962.792,419678.1861,48.06,-1.98
1718,679962.8401,419679.6421,49.06,10.02
1719,679962.8426,419681.1509,50.66,10.02
1720,679962.7938,419682.7459,51.21,2.99
1721,679962.745,419684.2501,49.79,-11.44
1722,679962.745,419685.6997,47.2,-12.27
1723,679962.7901,419687.0253,44.74,-10.14
1724,679962.8377,419688.3393,43.5,-4.05
1725,679962.8788,419689.6566,43.24,-0.46
1726,679962.9203,419690.9737,43.23,-0.17
1727,679962.9614,419692.2907,43.24,0
1728,679963.0029,419693.6078,43.24,0
1729,679963.044,419694.9248,43.24,0
1730,679963.0855,419696.2418,43.23,0
1731,679963.1266,419697.5589,43.23,0
1732,679963.1681,419698.8756,43.23,0
1733,679963.2092,419700.1927,43.23,-0.12
1734,679963.2507,419701.5094,43.09,-2.31
1735,679963.2918,419702.8261,42.75,-3.84
1736,679963.329,419704.1429,42.53,3.96
1737,679963.3726,419705.4593,42.54,5.43
1738,679963.436,419706.776,42.8,6.26
1739,679963.514,419708.0937,43.17,2.91
1740,679963.5963,419709.4122,43.34,-0.7
1741,679963.6692,419710.7317,43.35,-1.15
1742,679963.7353,419712.0515,43.35,-0.54
1743,679963.8039,419713.3713,43.36,0
1744,679963.8728,419714.6908,43.35,0.07
1745,679963.9414,419716.0102,43.35,0
1746,679964.0099,419717.33,43.35,0.34
1747,679964.0788,419718.6495,43.36,0.11
1748,679964.1474,419719.969,43.34,-2.93
1749,679964.2279,419721.2891,43.15,-5.71
1750,679964.2785,419722.6086,42.73,-7.16
1751,679964.2678,419723.9265,42.45,4.26
1752,679964.2139,419725.2426,42.46,5.44
1753,679964.0986,419726.5575,42.77,6.91
1754,679963.9536,419727.8718,43.18,4.1
1755,679963.8204,419729.1864,43.36,0
1756,679963.6869,419730.5011,43.34,-3.27
1757,679963.5418,419731.8153,43.29,-5
1758,679963.4269,419733.13,43.24,-5
1759,679963.3726,419734.4461,43.22,-4.99
1760,679963.3622,419735.764,43.27,5.02
1761,679963.4125,419737.0838,43.36,5.02
1762,679963.493,419738.4036,43.33,0.47
1763,679963.5704,419739.731,42.97,-7.13
1764,679963.6357,419741.0508,41.95,-12.27
1765,679963.6457,419742.3209,40.28,-12.27
1766,679963.6232,419743.5593,38.82,-10.02
1767,679963.5454,419744.748,38.13,2.94
1768,679963.4555,419745.9291,38.24,6.87
1769,679963.3741,419747.1178,38.79,4.6
1770,679963.2931,419748.3069,39.08,-0.16
1771,679963.2117,419749.4956,39.09,0
1772,679963.1306,419750.6843,39.09,0
1773,679963.0492,419751.873,39.09,0
1774,679962.9681,419753.0617,39.09,0
1775,679962.8868,419754.2505,39.09,0
1776,679962.8054,419755.4392,39.09,0
1777,679962.7243,419756.6279,39.09,0
1778,679962.6429,419757.8166,38.93,-2.6
1779,679962.5618,419759.0053,38.49,-5.89
1780,679962.4805,419760.1941,38.09,-4.8
1781,679962.3994,419761.3828,37.98,-2.76
1782,679962.318,419762.5712,38.26,5.41
1783,679962.2369,419763.7599,38.75,4.67
1784,679962.1555,419764.9483,39.02,0.4
1785,679962.0766,419766.1431,38.83,-3.48
1786,679961.9955,419767.3319,38.29,-6.32
1787,679961.9029,419768.488,38.03,3.57
1788,679961.7959,419769.6032,39.02,11.31
1789,679961.6767,419770.7109,41.35,10.99
1790,679961.556,419772.0596,44.12,10.02
1791,679961.4408,419773.5141,46.14,10.02
1792,679961.3298,419775.0656,46.12,-10.81
1793,679961.2229,419776.5188,44.02,-11.26
1794,679961.1171,419777.8609,40.98,-11.62
1795,679961.0104,419778.9764,38.09,-11.45
1796,679960.904,419780.0557,36.26,-9.34
1797,679960.7974,419781.1353,35.65,-1.04
1798,679960.691,419782.2146,35.58,0
1799,679960.5843,419783.2939,35.58,0
1800,679960.4779,419784.3732,35.58,0
1801,679960.3712,419785.4522,35.58,0.04
1802,679960.2649,419786.5315,35.59,0.08
1803,679960.1582,419787.6105,35.57,-0.27
1804,679960.0518,419788.6916,35.48,-1.33
1805,679959.9451,419789.7706,35.28,-2.7
1806,679959.8385,419790.839,34.99,-3.37
1807,679959.7312,419791.893,34.7,-2.71
1808,679959.6239,419792.936,34.49,-1.33
1809,679959.5163,419793.9772,34.41,-0.24
1810,679959.409,419795.0202,34.39,0.12
1811,679959.3014,419796.0635,34.4,0.05
1812,679959.1941,419797.1069,34.4,0
1813,679959.0865,419798.1499,34.4,0
1814,679958.9792,419799.1932,34.4,0
1815,679958.8716,419800.2362,34.4,0
1816,679958.7643,419801.2793,34.38,-0.64
1817,679958.6567,419802.3226,34.06,-5.09
1818,679958.5495,419803.3656,32.99,-10.02
1819,679958.4629,419804.4001,31.11,-10.02
1820,679958.3084,419805.2776,29,-10.02
1821,679958.1221,419806.0899,27.58,-8.21
1822,679957.8722,419806.8193,27.55,7.78
1823,679957.6741,419807.6475,29.11,10.02
1824,679957.5122,419808.5542,31.55,10.02
1825,679957.4141,419809.6253,33.6,10.02
1826,679957.2958,419810.7061,34.04,-7.24
1827,679957.1724,419811.7973,32.26,-11.19
1828,679957.0538,419812.7477,28.75,-11.39
1829,679956.9621,419813.5533,24.64,-10.39
1830,679956.9026,419814.2263,21.46,-10.02
1831,679956.8718,419814.7408,20.17,4.7
1832,679956.8569,419815.3251,20.92,12.27
1833,679956.8508,419815.977,23.03,12.27
1834,679956.8554,419816.7214,25.14,11.65
1835,679956.8621,419817.5702,26.53,8.75
1836,679956.867,419818.3971,27.09,1.07
1837,679956.8718,419819.2235,27.14,-0.77
1838,679956.8767,419820.0492,27.12,0.49
1839,679956.8816,419820.8746,27.06,-1.25
1840,679956.8865,419821.6993,26.5,-8.47
1841,679956.8971,419822.5452,25.14,-12.27
1842,679956.9026,419823.291,22.94,-12.27
1843,679956.8791,419823.9506,20.2,-12.27
1844,679956.8182,419824.5197,17.51,-10.02
1845,679956.7286,419825.0025,15.43,-10.02
1846,679956.6338,419825.3853,14.14,-7.99
1847,679956.5445,419825.7904,13.63,-1.09
1848,679956.4549,419826.1954,13.58,0.54
1849,679956.3656,419826.6002,13.6,-0.03
1850,679956.2763,419827.0053,13.6,0
1851,679956.1869,419827.4101,13.62,0.41
1852,679956.0976,419827.8149,13.64,0.34
1853,679956.008,419828.2196,13.29,-5.71
1854,679955.9129,419828.6378,12.11,-11.55
1855,679955.8233,419829.0164,10.25,-12.27
1856,679955.7633,419829.3312,8.23,-12.27
1857,679955.7419,419829.5964,6.73,-9.18
1858,679955.7496,419829.7979,6.02,-2.7
1859,679955.763,419829.9594,5.8,-1.29
1860,679955.7706,419830.1347,5.72,-0.31
1861,679955.7782,419830.3096,5.73,0.39
1862,679955.7858,419830.4849,5.76,0
1863,679955.7935,419830.6602,5.76,0
1864,679955.8011,419830.8351,5.75,0
1865,679955.8087,419831.0104,5.75,0
1866,679955.8163,419831.1853,5.77,0.3
1867,679955.8239,419831.3606,5.8,0.25
1868,679955.8316,419831.5358,5.65,-2.25
1869,679955.8398,419831.7212,5.16,-7.22
1870,679955.8474,419831.8858,4.2,-11.44
1871,679955.8526,419831.9924,2.89,-11.54
1872,679955.8547,419832.0613,1.56,-11.43
1873,679955.8544,419832.0726,0.61,-7.21
1874,679955.8541,419832.0628,0.11,-2.25
1875,679955.8541,419832.0635,0,0.26
1876,679955.8541,419832.0641,0,0.3
1877,679955.8541,419832.0647,0,0
1878,679955.8541,419832.0653,0,0
1879,679955.8538,419832.0659,0,0
1880,679955.8538,419832.0665,0,0
1881,679955.8538,419832.0671,0,0
1882,679955.8538,419832.0677,0,0
1883,679955.8538,419832.0683,0,0
1884,679955.8538,419832.0689,0,0
1885,679955.8538,419832.0696,0,0
1886,679955.8538,419832.0702,0,0
1887,679955.8535,419832.0708,0,0
1888,679955.8535,419832.0714,0,0
1889,679955.8535,419832.072,0,0
1890,679955.8535,419832.0726,0,0
1891,679955.8535,419832.0732,0,0
1892,679955.8535,419832.0738,0,0
1893,679955.8535,419832.0744,0,0
1894,679955.8532,419832.075,0,0
1895,679955.8532,419832.0757,0,0
1896,679955.8532,419832.0763,0,0
1897,679955.8532,419832.0769,0,0
1898,679955.8532,419832.0775,0,0
1899,679955.8532,419832.0781,0,0
1900,679955.8532,419832.0787,0,0
1901,679955.8532,419832.0793,0,0
1902,679955.8529,419832.0799,0,0
1903,679955.8529,419832.0802,0,0
1904,679955.8529,419832.0808,0,0
1905,679955.8529,419832.0814,0,0
1906,679955.8529,419832.0821,0,0
1907,679955.8529,419832.0827,0,0
1908,679955.8529,419832.0833,0,0
1909,679955.8526,419832.0839,0,0
1910,679955.8526,419832.0845,0,0
1911,679955.8526,419832.0851,0,0
1912,679955.8526,419832.0857,0,0
1913,679955.8526,419832.0863,0,0
1914,679955.8526,419832.0869,0,0
1915,679955.8526,419832.0875,0,0
1916,679955.8526,419832.0881,0,0
1917,679955.8523,419832.0888,0,0
1918,679955.8523,419832.0894,0,0
1919,679955.8523,419832.09,0,0
1920,679955.8523,419832.0906,0,0
1921,679955.8523,419832.0912,0,0
1922,679955.8523,419832.0918,0,0
1923,679955.8523,419832.0924,0,0
1924,679955.852,419832.093,0,0
1925,679955.852,419832.0936,0,0
1926,679955.852,419832.0942,0,0
1927,679955.852,419832.0949,0,0
1928,679955.852,419832.0955,0,0
1929,679955.852,419832.0961,0,0
1930,679955.852,419832.0967,0,0
1931,679955.852,419832.0973,0,0
1932,679955.8517,419832.0979,0,0
1933,679955.8517,419832.0985,0,0
1934,679955.8517,419832.0988,0,0
1935,679955.8517,419832.0994,0,0
1936,679955.8517,419832.1,0,0
1937,679955.8517,419832.1006,0,0
1938,679955.8517,419832.1013,0,0
1939,679955.8517,419832.1019,0,0
1940,679955.8514,419832.1025,0,0
1941,679955.8514,419832.1031,0,0
1942,679955.8514,419832.1037,0,0
1943,679955.8514,419832.1043,0,0
1944,679955.8514,419832.1049,0,0
1945,679955.8514,419832.1055,0,0
1946,679955.8514,419832.1061,0,0
1947,679955.8511,419832.1067,0,0
1948,679955.8511,419832.1073,0,0
1949,679955.8511,419832.108,0,0
1950,679955.8511,419832.1086,0,0
1951,679955.8511,419832.1092,0,0
1952,679955.8511,419832.1098,0,0
1953,679955.8511,419832.1104,0,0
1954,679955.8511,419832.111,0,0
1955,679955.8508,419832.1116,0,0
1956,679955.8508,419832.1122,0,0
1957,679955.8508,419832.1128,0,0
1958,679955.8508,419832.1134,0,0
1959,679955.8508,419832.1141,0,0
1960,679955.8508,419832.1147,0,0
1961,679955.8508,419832.1153,0,0
1962,679955.8504,419832.1159,0,0
1963,679955.8504,419832.1165,0,0
1964,679955.8504,419832.1171,0,0
1965,679955.8504,419832.1174,0,0
1966,679955.8504,419832.118,0,0
1967,679955.8504,419832.1186,0,0
1968,679955.8504,419832.1192,0,0
1969,679955.8504,419832.1198,0,0
1970,679955.8501,419832.1205,0,0
1971,679955.8501,419832.1211,0,0
1972,679955.8501,419832.1217,0,0
1973,679955.8501,419832.1223,0,0
1974,679955.8501,419832.1229,0,0
1975,679955.8501,419832.1235,0,0
1976,679955.8501,419832.1241,0,0
1977,679955.8498,419832.1247,0,0
1978,679955.8498,419832.1253,0,0
1979,679955.8498,419832.1259,0,0
1980,679955.8498,419832.1266,0,0
1981,679955.8498,419832.1272,0,0
1982,679955.8498,419832.1278,0,0
1983,679955.8498,419832.1284,0,0
1984,679955.8498,419832.129,0,0
1985,679955.8495,419832.1296,0,0
1986,679955.8495,419832.1302,0,0
1987,679955.8495,419832.1308,0,0
1988,679955.8495,419832.1314,0,0
1989,679955.8495,419832.132,0,0
1990,679955.8495,419832.1326,0,0
1991,679955.8495,419832.1333,0,0
1992,679955.8492,419832.1339,0,0
1993,679955.8492,419832.1345,0,0
1994,679955.8492,419832.1351,0,0
1995,679955.8492,419832.1357,0,0
1996,679955.8492,419832.1363,0,0
1997,679955.8492,419832.1366,0,0
1998,679955.8492,419832.1372,0,0
1999,679955.8492,419832.1378,0,0
2000,679955.8489,419832.1384,0,0
2001,679955.8489,419832.139,0,0
2002,679955.8489,419832.1397,0,0
2003,679955.8489,419832.1403,0,0
2004,679955.8489,419832.1409,0,0
2005,679955.8489,419832.1415,0,0
2006,679955.8489,419832.1421,0,0
2007,679955.8486,419832.1427,0,0
2008,679955.8486,419832.1433,0,0
2009,679955.8486,419832.1439,0,0
2010,679955.8486,419832.1445,0,0
2011,679955.8486,419832.1451,0,0
2012,679955.8486,419832.1458,0,0
2013,679955.8486,419832.1464,0,0
2014,679955.8486,419832.147,0,0
2015,679955.8483,419832.1476,0,0
2016,679955.8483,419832.1482,0,0
2017,679955.8483,419832.1488,0,0
2018,679955.8483,419832.1494,0,0
2019,679955.8483,419832.15,0,0
2020,679955.8483,419832.1506,0,0
2021,679955.8483,419832.1512,0,0
2022,679955.8483,419832.1519,0,0
2023,679955.848,419832.1525,0,0
2024,679955.848,419832.1531,0,0
2025,679955.848,419832.1537,0,0
2026,679955.848,419832.1543,0,0
2027,679955.848,419832.1549,0,0
2028,679955.848,419832.1552,0,0
2029,679955.848,419832.1558,0,0
2030,679955.8477,419832.1564,0,0
2031,679955.8477,419832.157,0,0
2032,679955.8477,419832.1576,0,0
2033,679955.8477,419832.1583,0,0
2034,679955.8477,419832.1589,0,0
2035,679955.8477,419832.1595,0,0
2036,679955.8477,419832.1601,0,0
2037,679955.8477,419832.1607,0,0
2038,679955.8474,419832.1613,0,0
2039,679955.8474,419832.1619,0,0
2040,679955.8474,419832.1625,0,0
2041,679955.8474,419832.1631,0,0
2042,679955.8474,419832.1637,0,0
2043,679955.8474,419832.1643,0,0
2044,679955.8474,419832.165,0,0
2045,679955.8471,419832.1656,0,0
2046,679955.8471,419832.1662,0,0
2047,679955.8471,419832.1668,0,0
2048,679955.8471,419832.1674,0,0
2049,679955.8471,419832.168,0,0
2050,679955.8471,419832.1686,0,0
2051,679955.8471,419832.1692,0,0
2052,679955.8471,419832.1698,0,0
2053,679955.8468,419832.1704,0,0
2054,679955.8468,419832.1711,0,0
2055,679955.8468,419832.1717,0,0
2056,679955.8468,419832.1723,0,0
2057,679955.8468,419832.1729,0,0
2058,679955.8468,419832.1735,0,0
2059,679955.8468,419832.1738,0,0
2060,679955.8465,419832.1744,0,0
2061,679955.8465,419832.175,0,0
2062,679955.8465,419832.1756,0,0
2063,679955.8465,419832.1762,0,0
2064,679955.8465,419832.1768,0,0
2065,679955.8465,419832.1775,0,0
2066,679955.8465,419832.1781,0,0
2067,679955.8465,419832.1787,0,0
2068,679955.8462,419832.1793,0,0
2069,679955.8462,419832.1799,0,0
2070,679955.8462,419832.1805,0,0
2071,679955.8462,419832.1811,0,0
2072,679955.8462,419832.1817,0,0
2073,679955.8462,419832.1823,0,0
2074,679955.8462,419832.1829,0,0
2075,679955.8459,419832.1835,0,0
2076,679955.8459,419832.1842,0,0
2077,679955.8459,419832.1848,0,0
2078,679955.8459,419832.1854,0,0
2079,679955.8459,419832.186,0,0
2080,679955.8459,419832.1866,0,0
2081,679955.8459,419832.1872,0,0
2082,679955.8459,419832.1878,0,0
2083,679955.8456,419832.1884,0,0
2084,679955.8456,419832.189,0,0
2085,679955.8456,419832.1896,0,0
2086,679955.8456,419832.1903,0,0
2087,679955.8456,419832.1909,0,0
2088,679955.8456,419832.1915,0,0
2089,679955.8456,419832.1921,0,0
2090,679955.8453,419832.1927,0,0
2091,679955.8453,419832.193,0,0
2092,679955.8453,419832.1936,0,0
2093,679955.8453,419832.1942,0,0
2094,679955.8453,419832.1948,0,0
2095,679955.8453,419832.1954,0,0
2096,679955.8453,419832.196,0,0
2097,679955.8453,419832.1967,0,0
2098,679955.845,419832.1973,0,0
2099,679955.845,419832.1979,0,0
2100,679955.845,419832.1985,0,0
2101,679955.845,419832.1991,0,0
2102,679955.845,419832.1997,0,0
2103,679955.845,419832.2003,0,0
2104,679955.845,419832.2009,0,0
2105,679955.8447,419832.2015,0,0
2106,679955.8447,419832.2021,0,0
2107,679955.8447,419832.2028,0,0
2108,679955.8447,419832.2034,0,0
2109,679955.8447,419832.204,0,0
2110,679955.8447,419832.2046,0,0
2111,679955.8447,419832.2052,0,0
2112,679955.8447,419832.2058,0,0
2113,679955.8444,419832.2064,0,0
2114,679955.8444,419832.207,0,0
2115,679955.8444,419832.2076,0,0
2116,679955.8444,419832.2082,0,0
2117,679955.8444,419832.2088,0,0
2118,679955.8444,419832.2095,0,0
2119,679955.8444,419832.2101,0,0
2120,679955.8444,419832.2107,0,0
2121,679955.844,419832.2113,0,0
2122,679955.844,419832.2116,0,0
2123,679955.844,419832.2122,0,0
2124,679955.844,419832.2128,0,0
2125,679955.844,419832.2134,0,0
2126,679955.844,419832.214,0,0
2127,679955.844,419832.2146,0,0
2128,679955.8437,419832.2152,0,0
2129,679955.8437,419832.2159,0,0
2130,679955.8437,419832.2165,0,0
2131,679955.8437,419832.2171,0,0
2132,679955.8437,419832.2177,0,0
2133,679955.8437,419832.2183,0,0
2134,679955.8437,419832.2189,0,0
2135,679955.8437,419832.2195,0,0
2136,679955.8434,419832.2201,0,0
2137,679955.8434,419832.2207,0,0
2138,679955.8434,419832.2213,0,0
2139,679955.8434,419832.222,0,0
2140,679955.8434,419832.2226,0,0
2141,679955.8434,419832.2232,0,0
2142,679955.8434,419832.2238,0,0
2143,679955.8431,419832.2244,0,0
2144,679955.8431,419832.225,0,0
2145,679955.8431,419832.2256,0,0
2146,679955.8431,419832.2262,0,0
2147,679955.8431,419832.2268,0,0
2148,679955.8431,419832.2274,0,0
2149,679955.8431,419832.2281,0,0
2150,679955.8431,419832.2287,0,0
2151,679955.8428,419832.2293,0,0
2152,679955.8428,419832.2299,0,0
2153,679955.8428,419832.2302,0,0
2154,679955.8428,419832.2308,0,0
2155,679955.8428,419832.2314,0,0
2156,679955.8428,419832.232,0,0
2157,679955.8428,419832.2326,0,0
2158,679955.8425,419832.2332,0,0
2159,679955.8425,419832.2338,0,0
2160,679955.8425,419832.2345,0,0
2161,679955.8425,419832.2351,0,0
2162,679955.8425,419832.2357,0,0
2163,679955.8425,419832.2363,0,0
2164,679955.8425,419832.2369,0,0
2165,679955.8425,419832.2375,0,0
2166,679955.8422,419832.2381,0,0
2167,679955.8422,419832.2387,0,0
2168,679955.8422,419832.2393,0,0
2169,679955.8422,419832.2399,0,0
2170,679955.8422,419832.2405,0,0
2171,679955.8422,419832.2412,0,0
2172,679955.8422,419832.2418,0,0
2173,679955.8419,419832.2424,0,0
2174,679955.8419,419832.243,0,0
2175,679955.8419,419832.2436,0,0
2176,679955.8419,419832.2442,0,0
2177,679955.8419,419832.2448,0,0
2178,679955.8419,419832.2454,0,0
2179,679955.8419,419832.246,0,0
2180,679955.8419,419832.2466,0,0
2181,679955.8416,419832.2473,0,0
2182,679955.8416,419832.2479,0,0
2183,679955.8416,419832.2485,0,0
2184,679955.8416,419832.2491,0,0
2185,679955.8416,419832.2494,0,0
2186,679955.8416,419832.25,0,0
2187,679955.8416,419832.2506,0,0
2188,679955.8413,419832.2512,0,0
2189,679955.8413,419832.2518,0,0
2190,679955.8413,419832.2524,0,0
2191,679955.8413,419832.253,0,0
2192,679955.8413,419832.2537,0,0
2193,679955.8413,419832.2543,0,0
2194,679955.8413,419832.2549,0,0
2195,679955.8413,419832.2555,0,0
2196,679955.841,419832.2561,0,0
2197,679955.841,419832.2567,0,0
2198,679955.841,419832.2573,0,0
2199,679955.841,419832.2579,0,0
2200,679955.841,419832.2585,0,0
2201,679955.841,419832.2591,0,0
2202,679955.841,419832.2597,0,0
2203,679955.841,419832.2604,0,0
2204,679955.8407,419832.261,0,0
2205,679955.8407,419832.2616,0,0
2206,679955.8407,419832.2622,0,0
2207,679955.8407,419832.2628,0,0
2208,679955.8407,419832.2634,0,0
2209,679955.8407,419832.264,0,0
2210,679955.8407,419832.2646,0,0
2211,679955.8404,419832.2652,0,0
2212,679955.8404,419832.2658,0,0
2213,679955.8404,419832.2665,0,0
2214,679955.8404,419832.2671,0,0
2215,679955.8404,419832.2677,0,0
2216,679955.8404,419832.268,0,0
2217,679955.8404,419832.2686,0,0
2218,679955.8404,419832.2692,0,0
2219,679955.8401,419832.2698,0,0
2220,679955.8401,419832.2704,0,0
2221,679955.8401,419832.271,0,0
2222,679955.8401,419832.2716,0,0
2223,679955.8401,419832.2722,0,0
2224,679955.8401,419832.2729,0,0
2225,679955.8401,419832.2735,0,0
2226,679955.8398,419832.2741,0,0
2227,679955.8398,419832.2747,0,0
2228,679955.8398,419832.2753,0,0
2229,679955.8398,419832.2759,0,0
2230,679955.8398,419832.2765,0,0
2231,679955.8398,419832.2771,0,0
2232,679955.8398,419832.2777,0,0
2233,679955.8398,419832.2783,0,0
2234,679955.8395,419832.279,0,0
2235,679955.8395,419832.2796,0,0
2236,679955.8395,419832.2802,0,0
2237,679955.8395,419832.2808,0,0
2238,679955.8395,419832.2814,0,0
2239,679955.8395,419832.282,0,0
2240,679955.8395,419832.2826,0,0
2241,679955.8392,419832.2832,0,0
2242,679955.8392,419832.2838,0,0
2243,679955.8392,419832.2844,0,0
2244,679955.8392,419832.285,0,0
2245,679955.8392,419832.2857,0,0
2246,679955.8392,419832.2863,0,0
2247,679955.8392,419832.2866,0,-0.03
2248,679955.8392,419832.2872,0,0
2249,679955.8389,419832.2878,0,0
2250,679955.8389,419832.2884,0,0
2251,679955.8389,419832.289,0,0
2252,679955.8389,419832.2896,0,0
2253,679955.8389,419832.2902,0,0
2254,679955.8389,419832.2908,0,0
2255,679955.8389,419832.2914,0,0
2256,679955.8386,419832.2921,0,0
2257,679955.8386,419832.2927,0,0
2258,679955.8386,419832.2933,0,0
2259,679955.8386,419832.2939,0,0
2260,679955.8386,419832.2945,0,0
2261,679955.8386,419832.2951,0,0
2262,679955.8386,419832.2957,0,0
2263,679955.8386,419832.2963,0,0
2264,679955.8383,419832.2969,0,0
2265,679955.8383,419832.2975,0,0
2266,679955.8383,419832.2982,0,0
2267,679955.8383,419832.2988,0,0
2268,679955.8383,419832.2994,0,0
2269,679955.8383,419832.3,0,0
2270,679955.8383,419832.3006,0,0
2271,679955.838,419832.3012,0,0
2272,679955.838,419832.3018,0,0
2273,679955.838,419832.3024,0,0
2274,679955.838,419832.303,0,0
2275,679955.838,419832.3036,0,0
2276,679955.838,419832.3043,0,0
2277,679955.838,419832.3049,0,0
2278,679955.838,419832.3055,0,0
2279,679955.8376,419832.3058,0,0
2280,679955.8376,419832.3064,0,0
2281,679955.8376,419832.307,0,0
2282,679955.8376,419832.3076,0,0
2283,679955.8376,419832.3082,0,0
2284,679955.8376,419832.3088,0,0
2285,679955.8376,419832.3094,0,0
2286,679955.8376,419832.31,0,0
2287,679955.8373,419832.3107,0,0
2288,679955.8373,419832.3113,0,0
2289,679955.8373,419832.3119,0,0
2290,679955.8373,419832.3125,0,0
2291,679955.8373,419832.3131,0,0
2292,679955.8373,419832.3137,0,0
2293,679955.8373,419832.3143,0,0
2294,679955.837,419832.3149,0,0
2295,679955.837,419832.3155,0,0
2296,679955.837,419832.3161,0,0
2297,679955.837,419832.3167,0,0
2298,679955.837,419832.3174,0,0
2299,679955.837,419832.318,0,0
2300,679955.837,419832.3186,0,0
2301,679955.837,419832.3192,0,0
2302,679955.8367,419832.3198,0,0
2303,679955.8367,419832.3204,0,0
2304,679955.8367,419832.321,0,0
2305,679955.8367,419832.3216,0,0
2306,679955.8367,419832.3222,0,0
2307,679955.8367,419832.3228,0,0
2308,679955.8367,419832.3235,0,0
2309,679955.8364,419832.3241,0,0
2310,679955.8364,419832.3244,0,0
2311,679955.8364,419832.325,0,0
2312,679955.8364,419832.3256,0,0
2313,679955.8364,419832.3262,0,0
2314,679955.8364,419832.3268,0,0
2315,679955.8364,419832.3274,0,0
2316,679955.8364,419832.328,0,0
2317,679955.8361,419832.3286,0,0
2318,679955.8361,419832.3292,0,0
2319,679955.8361,419832.3299,0,0
2320,679955.8361,419832.3305,0,0
2321,679955.8361,419832.3311,0,0
2322,679955.8361,419832.3317,0,0
2323,679955.8361,419832.3323,0,0
2324,679955.8358,419832.3329,0,0
2325,679955.8358,419832.3335,0,0
2326,679955.8358,419832.3341,0,0
2327,679955.8358,419832.3347,0,0
2328,679955.8358,419832.3353,0,0
2329,679955.8358,419832.3359,0,0
2330,679955.8358,419832.3366,0,0
2331,679955.8358,419832.3372,0,0
2332,679955.8355,419832.3378,0,0
2333,679955.8355,419832.3384,0,0
2334,679955.8355,419832.339,0,0
2335,679955.8355,419832.3396,0,0
2336,679955.8355,419832.3402,0,0
2337,679955.8355,419832.3408,0,0
2338,679955.8355,419832.3414,0,0
2339,679955.8352,419832.342,0,0
2340,679955.8352,419832.3427,0,0
2341,679955.8352,419832.343,0,0
2342,679955.8352,419832.3436,0,0
2343,679955.8352,419832.3442,0,0
2344,679955.8352,419832.3448,0,0
2345,679955.8352,419832.3454,0,0
2346,679955.8352,419832.346,0,0
2347,679955.8349,419832.3466,0,-0.56
2348,679955.8349,419832.3472,0.07,1.54
2349,679955.8349,419832.3478,0.71,9.65
2350,679955.8404,419832.3289,2.26,11.19
2351,679955.8404,419832.4189,4.8,11.52
2352,679955.813,419832.6075,8.03,11.87
2353,679955.7496,419832.8998,11.26,11.52
2354,679955.6587,419833.2909,13.81,11.21
2355,679955.5627,419833.7908,15.36,9.58
2356,679955.4722,419834.2711,16,1.36
2357,679955.3817,419834.7512,16.07,-0.57
2358,679955.2908,419835.2315,16.07,0.58
2359,679955.2003,419835.7119,16.03,-0.89
2360,679955.1095,419836.192,15.62,-6.15
2361,679955.0135,419836.6918,14.66,-11.23
2362,679954.9296,419837.1024,13.36,-11.21
2363,679954.8666,419837.4825,12.39,-6.33
2364,679954.8035,419837.7775,12.41,7.36
2365,679954.7203,419838.1552,13.4,11.81
2366,679954.6063,419838.5612,14.71,11.38
2367,679954.4804,419839.0553,15.65,6
2368,679954.3612,419839.5295,16.04,0.79
2369,679954.242,419840.0038,16.08,-0.6
2370,679954.1228,419840.4781,16.04,0
2371,679954.0037,419840.9523,16.04,0
2372,679953.8848,419841.4263,16.04,0
2373,679953.7656,419841.9006,16.04,0
2374,679953.6464,419842.3748,16.01,-0.42
2375,679953.5273,419842.8488,16.01,0
2376,679953.4084,419843.3228,16.15,2.14
2377,679953.2901,419843.7827,16.63,7.1
2378,679953.171,419844.2869,17.74,11.03
2379,679953.0472,419844.8565,19.45,10.99
2380,679952.9174,419845.4786,21.35,11.05
2381,679952.7829,419846.1659,22.9,11.14
2382,679952.6473,419846.8981,23.73,3.9
2383,679952.5126,419847.6156,23.98,0.04
2384,679952.3782,419848.3334,23.98,-0.4
2385,679952.2434,419849.0509,23.95,0
2386,679952.109,419849.7687,23.95,0
2387,679951.9743,419850.4862,23.95,0
2388,679951.8399,419851.204,23.95,0
2389,679951.7052,419851.9215,23.95,0
2390,679951.5708,419852.6393,23.95,0
2391,679951.436,419853.3568,23.95,0
2392,679951.3016,419854.0746,23.95,0
2393,679951.1669,419854.7921,23.95,0
2394,679951.0322,419855.5099,23.95,0
2395,679950.8978,419856.2274,23.95,0
2396,679950.763,419856.9452,23.94,-0.2
2397,679950.6286,419857.6627,23.91,-0.37
2398,679950.4939,419858.3802,23.95,0.83
2399,679950.3625,419859.0916,24.24,4.45
2400,679950.2281,419859.8091,24.88,9.1
2401,679950.0769,419860.5586,25.82,11.34
2402,679949.9038,419861.3493,26.76,9.1
2403,679949.7136,419862.1722,27.42,4.43
2404,679949.5204,419863.001,27.69,0.82
2405,679949.3305,419863.8233,27.74,-0.38
2406,679949.1406,419864.646,27.7,-0.19
2407,679948.9507,419865.4683,27.69,0
2408,679948.7608,419866.291,27.69,0
2409,679948.5709,419867.1133,27.69,0
2410,679948.381,419867.936,27.69,0
2411,679948.1908,419868.7586,27.69,0
2412,679948.0009,419869.581,27.69,0
2413,679947.811,419870.4036,27.69,0
2414,679947.6212,419871.226,27.69,0
2415,679947.4313,419872.0486,27.69,0
2416,679947.2414,419872.871,27.69,0
2417,679947.0515,419873.6937,27.69,0
